1870.099976;10.80000019
1690.5;10.30000019
1645.5;10.19999981
1781.800049;10.69999981
1705.900024;10.60000038
1707.5;10.5
1645;10.30000019
1632.400024;10.39999962
1805.300049;10.89999962
2003.099976;11.60000038
1847.400024;11.10000038
1616.199951;10.19999981
1588;10.19999981
1499.400024;9.699999809
1449.300049;9.800000191
1552.599976;10.10000038
1720.599976;10.39999962
1342.800049;9.399999619
1780.300049;10.80000019
1801.699951;11.10000038
1664.900024;10.60000038
1737.599976;10.5
1847.699951;10.89999962
1811.199951;10.69999981
1672.599976;10.5
1810.099976;10.69999981
1893.5;11
1750.900024;10.80000019
1588.800049;10.30000019
1298.800049;9.300000191
1061.5;8.800000191
1114.699951;8.600000381
1218;9.100000381
1300.5;9.300000191
1208.5;9
1079.300049;8.699999809
956.2999878;8.300000191
1005;8.399999619
869.2999878;7.800000191
976.2999878;8.199999809
881.7999878;7.800000191
1232.5;9.300000191
1001.200012;8.600000381
569.9000244;6.699999809
480;6.400000095
406;5.800000191
303;5.300000191
76.80000305;3.700000048
310.7000122;5.599999905
174.8000031;4.5
131.1000061;4.300000191
83.19999695;3.799999952
100;4.099999905
48.29999924;3.599999905
17.60000038;3.599999905
-14;2.799999952
-16.70000076;2.299999952
-17.10000038;2.900000095
-17;2.799999952
-11.19999981;2.700000048
-15.69999981;2.700000048
-16;2.700000048
-1.100000024;3.5
9.100000381;3.299999952
-15.60000038;2.5
-15;2.400000095
-18.20000076;2.799999952
-16.79999924;2.099999905
-16.5;2.099999905
-17.10000038;1.700000048
-17;1.899999976
-17.10000038;1.299999952
-17.29999924;1.399999976
-21.70000076;2
-19.20000076;2.700000048
-17.10000038;2.200000048
-17.79999924;2.200000048
-17;1.600000024
-17.29999924;1.399999976
-17.39999962;1.200000048
-17.60000038;0.899999976
51.20000076;3.200000048
302.2999878;5.300000191
256.8999939;4.900000095
772.2999878;7.599999905
671.2000122;7.400000095
307.1000061;5.300000191
337.7999878;5.699999809
311.1000061;5.300000191
245.3000031;4.800000191
354.2000122;5.800000191
262.2999878;5
106.6999969;4.099999905
53.79999924;3.599999905
-17.79999924;3
-17.5;2.799999952
25.89999962;3.400000095
88.30000305;4
98.19999695;4.199999809
72.59999847;4
135.5;4.300000191
421.8999939;6
524.2000122;6.800000191
693.2999878;7.5
730.5999756;7.699999809
639.0999756;7.400000095
552.9000244;7.199999809
609.0999756;7.099999905
642;7.199999809
567;7
676.5;7.400000095
855.7000122;8.100000381
792;8.100000381
895.9000244;8.399999619
1193.300049;9.300000191
1526.800049;10.5
982.4000244;9.100000381
952.5999756;8.800000191
1032.199951;9.300000191
1082.199951;9.199999809
1074.099976;8.899999619
1172.099976;9.199999809
1248;9.399999619
1095.400024;8.800000191
1377.699951;9.600000381
1232.199951;9.5
1185.699951;9.399999619
1010.900024;8.600000381
638.0999756;7.199999809
296.2999878;5.300000191
148.8000031;4.300000191
578.5;6.800000191
1002.5;8.600000381
1361.900024;9.699999809
1474.300049;9.899999619
1382.699951;9.800000191
1380.699951;10.10000038
1563.400024;10.39999962
1729.300049;10.39999962
1659.900024;10.39999962
1677;10.69999981
1609.400024;10.5
1360.300049;9.800000191
998;8.600000381
802.2000122;8.100000381
902.5;8.300000191
1224.400024;9.300000191
1402.900024;9.899999619
1421.400024;10
1114.800049;9.199999809
1243.699951;9.800000191
1007.799988;8.699999809
923.4000244;8.199999809
1060;9.300000191
882.2000122;8.600000381
969.5999756;8.899999619
1135.099976;9.399999619
1408;10.10000038
1023.799988;8.600000381
1137.800049;8.899999619
1079.099976;8.800000191
1138.699951;9
1232.400024;9.399999619
1117.400024;9.100000381
1159.5;9.199999809
1146.900024;9.399999619
1150.099976;9.399999619
827.2000122;8.100000381
822.4000244;8.600000381
772.2999878;8.399999619
987.0999756;9
936.4000244;9.300000191
749.7999878;8.199999809
713.2999878;7.699999809
680;7.599999905
391.5;6.099999905
567.5;6.400000095
480.8999939;6.300000191
523.5;6.300000191
482.6000061;6.099999905
577.9000244;6.900000095
526.5999756;6.599999905
595.5;7.199999809
633.9000244;7.300000191
570.2999878;7
576.5999756;6.800000191
461.7000122;6.199999809
316.1000061;5.5
365.2000122;5.800000191
302.1000061;5.400000095
375.6000061;5.699999809
413.1000061;6.099999905
396.7999878;5.800000191
159.1999969;4.199999809
183.1999969;4.400000095
88.90000153;4.099999905
187.6000061;4.699999809
53.5;3.599999905
-19.89999962;3.299999952
-4.900000095;3.700000048
-17.70000076;3.400000095
101;4.199999809
6.5;3.200000048
39.70000076;4
23.39999962;3.299999952
-17.79999924;3
202.6999969;4.900000095
102.6999969;4.300000191
24.20000076;3.299999952
18.29999924;3.799999952
-17;2.200000048
-7.699999809;3.299999952
-6.5;2.700000048
40.29999924;3.700000048
-5.599999905;2.599999905
-4.900000095;2.900000095
-3.400000095;3.299999952
-18;2.5
10.69999981;3.700000048
94.59999847;3.900000095
58;3.700000048
-18.89999962;3
-18.20000076;2.5
-17;2.5
-2.099999905;3
109.0999985;4.199999809
44.29999924;3.799999952
7.099999905;2.700000048
-17;2.5
-18.79999924;3.099999905
13.80000019;3.400000095
179.1000061;4.800000191
7.199999809;3.099999905
139.8999939;4.300000191
9.300000191;3
-18.20000076;2.799999952
-17.89999962;2.799999952
-17.70000076;2.700000048
-18.20000076;2.599999905
-17.79999924;2.5
1.799999952;2.900000095
311;5.300000191
59;3.200000048
83.59999847;4
445.2999878;6.400000095
583.2000122;7.099999905
567.2999878;6.800000191
410.3999939;6.099999905
416.2000122;6.099999905
446.2000122;6.300000191
344.7999878;5.5
207.6000061;4.599999905
106.6999969;4.099999905
-2.599999905;3.099999905
-17.20000076;2.799999952
-12.60000038;3
281.6000061;5.699999809
159.5;4.800000191
181.6000061;5
139.3999939;4.599999905
-18.29999924;3.5
38.29999924;3.900000095
204.3000031;5
337.2000122;5.699999809
65.59999847;3.900000095
-0.200000003;3.400000095
200.1000061;4.599999905
167;4.400000095
368.2000122;5.699999809
863.7999878;8.199999809
1455.599976;10
1905.400024;11.10000038
2301.5;12.39999962
2410.300049;12.89999962
2569.300049;13.30000019
2344.300049;12.30000019
2331.399902;12.39999962
2227.100098;11.89999962
2476.800049;13
2571.600098;13.89999962
2476.800049;13
2398.5;12.89999962
2459.5;13.5
2509.600098;13.30000019
2406;13
2319.100098;12.80000019
2100.100098;11.89999962
2171.100098;11.69999981
2453.199951;13.19999981
2275.199951;12.80000019
2062;11.69999981
2529.899902;13.30000019
2577.800049;13.80000019
2540.699951;13.30000019
2457.899902;13.19999981
2546.800049;13.60000038
2540.100098;13.10000038
2661.699951;14
1783;10.69999981
2281.800049;12
2197.800049;11.69999981
2368;12.39999962
2699.899902;13.5
2276.600098;12
2368.5;12.39999962
2160.399902;11.80000019
2008.900024;11.19999981
1650.800049;10.39999962
1098.099976;8.899999619
904.2999878;8
608.7999878;6.900000095
769.9000244;7.699999809
1005.400024;8.600000381
744.4000244;7.5
610;6.900000095
460.8999939;6.099999905
417.8999939;5.900000095
394.2000122;5.800000191
204.1000061;4.699999809
201.6000061;4.699999809
128.5;4.199999809
188.3999939;4.599999905
200.5;4.800000191
388.7000122;5.699999809
332.3999939;5.5
322.5;5.300000191
347.2000122;5.400000095
463.2999878;6
592.4000244;6.800000191
898.5999756;8.100000381
848.0999756;8
683.9000244;7.300000191
582.5999756;6.900000095
573.9000244;6.900000095
957.2000122;8.300000191
989.7999878;8.399999619
728.9000244;7.400000095
431.7999878;6.099999905
434.8999939;6
321.7000122;5.400000095
421.6000061;6
307.2000122;5.300000191
240.3999939;4.900000095
199.8999939;4.599999905
38.79999924;3.5
151.6999969;4.300000191
248.1999969;4.900000095
358.2000122;5.699999809
261.3999939;5.099999905
269.3999939;5.099999905
165.8999939;4.599999905
144.8000031;4.599999905
199.6000061;4.699999809
107.5999985;4.099999905
63.90000153;4
83.40000153;3.599999905
56.20000076;4
-18.10000038;2.599999905
-7.400000095;3
25.29999924;3.299999952
1;3.400000095
154;4.199999809
80.30000305;3.799999952
91.19999695;4
67;3.900000095
-18.60000038;3
-16.70000076;2.799999952
-17.10000038;2.400000095
-16.39999962;2.299999952
-18.20000076;3.099999905
-16.79999924;2.599999905
-16.60000038;2.799999952
-16.60000038;1.600000024
-16.60000038;1.399999976
-18.5;2.900000095
-18.39999962;2.5
-16.60000038;1.899999976
-16.60000038;2
-16.79999924;1.200000048
-16.39999962;1.299999952
-16.10000038;1.899999976
-16.10000038;2.200000048
-16.20000076;2
74.59999847;4.599999905
179.1000061;4.400000095
128;4.199999809
159.3999939;4.400000095
71.59999847;3.900000095
66.80000305;3.799999952
66.90000153;3.700000048
20.79999924;3.5
-16.29999924;3
-15.39999962;2.599999905
-16;3.099999905
-17.39999962;3
15.80000019;3.400000095
97.90000153;4
13.10000038;3.400000095
562.7000122;6.800000191
799.5;7.5
704.5;7.199999809
1462.800049;9.800000191
1853.699951;10.60000038
859.5999756;7.699999809
935.5999756;7.900000095
407.6000061;5.699999809
89.5;3.700000048
150.3000031;4.199999809
151;4.300000191
204.8000031;4.5
494.5;6.199999809
651.0999756;7.099999905
529.4000244;6.699999809
579.2000122;6.900000095
632.9000244;7
707;7.599999905
845.2999878;8
592.5999756;6.900000095
712.5999756;7.300000191
526.7000122;6.5
802.7000122;7.5
657.4000244;7
948.9000244;8.300000191
877.2999878;8
996.0999756;8.5
904.4000244;8.100000381
633.7000122;6.699999809
461.5;6
850.2999878;7.400000095
1171.5;8.800000191
1561.099976;10.10000038
1586.300049;10.30000019
1796.300049;10.39999962
1981.800049;11
1916.400024;10.80000019
2014.5;11.19999981
2234.100098;11.89999962
2179.5;11.69999981
2410.399902;12.5
2275.600098;12.10000038
2328.899902;12.69999981
2288.800049;12.60000038
2171.899902;12
1884.199951;11
712.2999878;7
659.2999878;6.800000191
870.2999878;7.699999809
778.2999878;7.400000095
642.7000122;6.800000191
913.7000122;7.900000095
904.2000122;7.900000095
1174;8.800000191
1127.199951;8.699999809
1306.5;9.399999619
1273;9.300000191
1076.5;8.5
1287.099976;9
1917.099976;11
2056.800049;11.5
1919.300049;11.10000038
2120.300049;11.60000038
2037.099976;11.39999962
1934;11.19999981
1765.400024;10.39999962
1733.900024;10.39999962
1888;11
1743.699951;10.69999981
1339.599976;9.5
1249.800049;9
1526.900024;9.899999619
1550.300049;9.699999809
1202.199951;8.699999809
1054.099976;8.5
678.4000244;6.900000095
639.9000244;6.900000095
942;7.900000095
1437.400024;9.399999619
1450.199951;9.5
1313.300049;9.399999619
1297.599976;9.199999809
1166.099976;8.899999619
1232.900024;9.199999809
867.9000244;7.900000095
515.2000122;6.599999905
502.2000122;6.300000191
451.6000061;6.300000191
374.2999878;5.800000191
397.2000122;5.800000191
183.8000031;4.599999905
151.1000061;4.400000095
280.8999939;4.900000095
317.2999878;5.400000095
238.1000061;5
128.8000031;4.400000095
209.6000061;4.699999809
149.5;4.300000191
98.90000153;4.5
275.6000061;5.099999905
238.1000061;4.800000191
272.6000061;5.099999905
256.3999939;5.099999905
637.7000122;7.5
728.2999878;8.399999619
589;6.800000191
284.1000061;5.300000191
107.1999969;4.400000095
18.10000038;3.900000095
-17;3.599999905
-17.10000038;3.099999905
52.79999924;3.799999952
740.5;7.300000191
656;7.099999905
51.20000076;4.300000191
-16.79999924;2.900000095
-16.29999924;2.799999952
-17.20000076;3
-16.79999924;3.299999952
-16.70000076;3.200000048
-17.89999962;3.200000048
-16.5;2.099999905
-16.20000076;2.099999905
-16.39999962;2
-17.70000076;3
-15.60000038;1.700000048
-15.69999981;0.800000012
-15.89999962;0.899999976
-16.10000038;1.100000024
-3.799999952;4.900000095
1220.599976;8.699999809
37.09999847;3.400000095
73.19999695;3.900000095
-17.10000038;3.299999952
-15.39999962;2.599999905
-15.30000019;2.400000095
-15.5;2.799999952
869.5999756;7
1603;10.10000038
1468.400024;9.600000381
975.7999878;8
172.1999969;5.5
-6.400000095;4
-16.79999924;4
-16.10000038;3.599999905
-16.79999924;3.400000095
-16.79999924;3.299999952
-15.5;1.899999976
-15.5;2
-16.20000076;3.200000048
53.09999847;4.199999809
55.40000153;4.300000191
-15.19999981;3.700000048
-15.5;3.5
-15.69999981;3.700000048
23;3.700000048
109.9000015;4.199999809
208.3999939;4.599999905
287.7000122;5.099999905
368.8999939;5.699999809
414.6000061;6.300000191
546.2000122;6.800000191
351;5.400000095
303.2000122;5.400000095
178.5;4.599999905
516.4000244;6.300000191
845.7000122;7.800000191
1022.099976;8.800000191
1140.5;8.899999619
1040.400024;8.600000381
329.6000061;5.400000095
35.09999847;3.599999905
237.6000061;4.699999809
485;6.5
508.5;6.5
542.4000244;6.699999809
799.9000244;7.900000095
866;8
992.7000122;8.199999809
1091.5;8.699999809
898.2000122;7.900000095
818.2999878;7.599999905
698.2000122;7.300000191
712.2999878;6.900000095
975.2000122;8.100000381
1038.199951;8.199999809
1308;9.100000381
1876;10.39999962
1584.199951;9.600000381
1529.199951;9.600000381
1181.900024;8.699999809
734.7999878;7.300000191
506.7000122;6.400000095
269.6000061;4.900000095
459.2000122;6
430.5;5.599999905
557.7999878;6.599999905
611.4000244;6.800000191
774.7000122;7.400000095
1283.300049;9.100000381
1224.599976;9.100000381
1105.400024;8.600000381
1192.300049;8.800000191
567.4000244;6.599999905
677.0999756;7.199999809
703.5;7.199999809
891.2000122;8
581.4000244;6.699999809
637.9000244;6.800000191
751.7999878;7.400000095
687.7000122;7.300000191
638.4000244;7
459.5;5.900000095
603;6.800000191
543;6.300000191
424;5.900000095
514.2999878;6.300000191
964.2999878;8
771.7999878;7.599999905
1000.599976;8.100000381
886.4000244;8.100000381
530.5999756;6.300000191
613.2999878;6.800000191
554;6.5
560.4000244;6.5
514.2000122;6.400000095
399.7999878;5.599999905
536.7000122;6.400000095
482.2000122;6.400000095
386.2000122;5.900000095
500.2000122;6.300000191
504.3999939;6.599999905
294.1000061;5.099999905
492.6000061;6.199999809
509;6.5
392.7999878;5.900000095
224.1999969;4.800000191
98.09999847;4.099999905
132.8999939;3.900000095
222;4.699999809
39.40000153;3.5
294.7999878;5.199999809
278;5.300000191
271.6000061;4.800000191
690.5;7.300000191
596.0999756;6.699999809
286;5.5
599.5999756;6.800000191
484;6.300000191
601.5999756;6.900000095
505.2999878;6.599999905
526.4000244;6.599999905
654.5999756;7.199999809
519.2000122;6.599999905
701.0999756;7.400000095
644.4000244;7.300000191
404;5.699999809
408;6.099999905
354.6000061;5.5
572.7000122;6.900000095
423;6
351.7999878;5.699999809
448.1000061;6.199999809
295.3999939;5.400000095
221.1999969;4.800000191
212.5;4.599999905
102.3000031;4
-3.900000095;3.200000048
39.90000153;3.400000095
-3.099999905;2.799999952
115.8000031;3.900000095
17.39999962;3.299999952
140.3000031;4.400000095
355.2999878;5.5
225.6000061;4.599999905
32.5;3.200000048
47.70000076;3.299999952
247.3000031;4.800000191
178.1999969;4.300000191
41.59999847;3.5
-16.79999924;2.299999952
-16.5;1.700000048
14.39999962;3.299999952
992;8.600000381
903.7999878;8.5
626.9000244;7.199999809
536.7000122;6.699999809
714.5;7.5
1083;8.699999809
1907.800049;10.80000019
1056.5;9.399999619
333.7000122;6.199999809
451.2000122;7.199999809
19.10000038;4.400000095
-16.39999962;3.200000048
306.7999878;5.599999905
735.5999756;7.5
756.7999878;7.900000095
918.0999756;8.199999809
741.5999756;7.699999809
281.5;5.199999809
657.9000244;7.199999809
811;8.300000191
1089.599976;8.800000191
1210.699951;8.899999619
911;8.199999809
688.2999878;7.5
595.0999756;6.800000191
720.4000244;7.099999905
1278.5;9.300000191
1587.5;10.19999981
1415.699951;9.399999619
1532.5;10.19999981
1938.800049;11.10000038
1714.199951;10.39999962
1509.800049;9.699999809
1424;9.5
1353.300049;9.399999619
1209.900024;9.199999809
1506.199951;9.600000381
1688.5;10.30000019
1801.300049;10.80000019
1429.599976;9.600000381
693.9000244;7.300000191
757;7.199999809
338;5.400000095
319.7999878;5.199999809
399.2999878;5.599999905
420.2000122;5.800000191
197.8999939;4.400000095
449.5;5.900000095
548.7000122;6.300000191
518.2000122;6.300000191
386.8999939;5.699999809
427.3999939;5.699999809
418.8999939;5.900000095
480.7000122;6
334.6000061;5.300000191
340.5;5.400000095
209.5;4.400000095
125.4000015;3.900000095
112.5999985;3.900000095
48.90000153;3.5
94.80000305;3.799999952
55.29999924;3.5
194.3999939;4.5
341.2999878;5.5
474.3999939;6.199999809
631.5;6.800000191
914.7999878;8.100000381
781.5999756;7.699999809
682;7.099999905
1221.800049;8.800000191
1193.5;8.800000191
825.4000244;7.699999809
745.2999878;7
664;6.699999809
958.5;8.199999809
825.7000122;7.5
893.5999756;7.800000191
910.2000122;8.100000381
343.2999878;5.199999809
419.6000061;6
252.8999939;4.800000191
433.8999939;6
501.7999878;6.400000095
547.5;6.5
600.5999756;6.5
595.0999756;6.699999809
677.7999878;7.099999905
944.2000122;8
797.2999878;7.599999905
635.0999756;7.099999905
863.5;7.599999905
826.5999756;7.800000191
896.5;8
1009.599976;8.300000191
1276.900024;9.300000191
1843;10.80000019
1403.599976;9.600000381
1412.800049;9.600000381
1397.5;9.5
1596.199951;9.699999809
1110.900024;8.800000191
1280.300049;8.899999619
1154;8.800000191
1264.400024;9.100000381
1188.599976;8.899999619
1202.5;8.899999619
1708.099976;10.5
1380.599976;9.399999619
1463;9.699999809
1415;9.600000381
1588.599976;9.899999619
1409.699951;9.600000381
1344.699951;9.199999809
876.0999756;7.699999809
1492;10
1454.400024;9.699999809
1453.099976;9.800000191
1318.599976;9.300000191
1377.199951;9.5
1350.5;9.5
1176.800049;9
1185.400024;8.899999619
1003.900024;8.199999809
1064;8.5
1176;9.100000381
1006.700012;8.199999809
593.9000244;6.699999809
850.7999878;7.900000095
891.9000244;7.800000191
1547.300049;10.10000038
1309.400024;9.199999809
1695.5;10.19999981
1488.699951;9.800000191
987.4000244;8.199999809
1615.900024;10.10000038
1405.599976;9.5
2134.699951;11.80000019
2337.5;12.60000038
2120.899902;12.10000038
2323.399902;12.39999962
2663;13.89999962
2287.600098;12.5
1729.699951;10.30000019
1736.5;10.30000019
2089.399902;11.5
2089;11.60000038
1817.099976;10.39999962
1872.800049;11
2052.899902;11.60000038
2225.899902;12.10000038
2384.800049;12.60000038
2345.399902;12.30000019
2166.899902;11.69999981
2165;11.80000019
1898.199951;10.89999962
1622.599976;10.30000019
1657.699951;10.60000038
1897.800049;11.10000038
1964.599976;11.39999962
2331.399902;12.60000038
2326.899902;12.60000038
2358.100098;13
2400.399902;13.60000038
2324;13.30000019
2551.300049;14.19999981
2740.600098;14.10000038
2803.5;14.5
2727.800049;14
2606.600098;14
2563.199951;14.19999981
2677.600098;13.89999962
2805.5;14.5
2894.5;14.89999962
2827.300049;14.30000019
2815.600098;14.39999962
2793.300049;14.39999962
2707.800049;14
2734.899902;14
2511.300049;13.60000038
2526.5;13
2390.5;12.39999962
2356.399902;12.19999981
2650.600098;13.60000038
2490.600098;12.80000019
2673.600098;13.39999962
2779.5;13.60000038
2784.199951;14.10000038
2540.100098;13.10000038
2745.800049;13.60000038
2810.899902;13.89999962
2811.800049;13.69999981
2787.899902;14
2561.199951;13.60000038
2651;14.30000019
2881.899902;15.10000038
2778.600098;14.39999962
2805.199951;14.39999962
2651.300049;13.69999981
2550.399902;13.19999981
2638.699951;14.10000038
2698.300049;14
2300.800049;12.30000019
2455.399902;12.60000038
2497.300049;13.10000038
2513.100098;13.10000038
2655.199951;13.5
2541;13
2758;13.69999981
2618.800049;13.39999962
2350.699951;12.5
2150.800049;11.69999981
1999.300049;11.19999981
2301.5;11.89999962
2513.199951;12.69999981
2729.199951;13.60000038
2719.100098;13.69999981
2513.800049;12.69999981
2638.399902;13.30000019
2440.899902;12.80000019
2648.100098;13.60000038
2579.100098;13.30000019
2787.600098;14.39999962
2403.600098;12.69999981
2297.199951;12
2426.699951;13
2507.600098;12.89999962
2120.899902;11.69999981
2022.300049;11
1811;10.69999981
1598.599976;10
1579.400024;9.800000191
1711.400024;10.39999962
1470.5;9.5
1953.900024;10.89999962
1284;9.100000381
1378.199951;9.600000381
1450.400024;9.5
1435.099976;9.600000381
1081.800049;8.600000381
921.4000244;8.100000381
741.7999878;7.5
481.6000061;6.300000191
429.2000122;6.300000191
271.7000122;5.199999809
167.3000031;4.400000095
86.19999695;4
-18.20000076;3.200000048
3.799999952;3.599999905
1.799999952;2.5
-17.29999924;2.799999952
4.599999905;2.700000048
-7.5;3.099999905
-19.10000038;3
-17.89999962;3.200000048
-16.5;2.200000048
-16.60000038;2.200000048
-16.89999962;2.400000095
-17.79999924;2.700000048
-16.70000076;2.200000048
-18.29999924;2.400000095
-19.29999924;2.900000095
-17;1.700000048
-3.5;3.099999905
128.1999969;4.099999905
22.20000076;3.400000095
18.39999962;3.099999905
-16.5;1.799999952
-18.10000038;3.099999905
-16.70000076;1.5
-18.79999924;3.200000048
24.5;3.099999905
-17.70000076;2.400000095
-16.60000038;2.299999952
-16.60000038;2.099999905
-17.89999962;2.900000095
-17.10000038;2.599999905
-16.60000038;1.299999952
-21.29999924;3.400000095
-17.5;2.900000095
-18.39999962;3.099999905
-18.39999962;2.799999952
4.099999905;3.299999952
-16.89999962;3.099999905
-16.89999962;2.900000095
-16.5;2.900000095
-16.10000038;2.900000095
-16.5;2.700000048
-16.29999924;2.900000095
-16.5;2.700000048
-16.5;2.5
-16.60000038;2.200000048
-16.20000076;1.899999976
-16.20000076;1.799999952
-16.20000076;1.700000048
-16.29999924;1.100000024
-16.5;0.699999988
-16.5;1.5
-16.5;1.899999976
-16.60000038;2
-16.60000038;1.899999976
-16.60000038;2.299999952
26.5;3.900000095
80.59999847;4
175.1999969;4.699999809
299.5;5.599999905
216.1999969;4.900000095
274.6000061;5.300000191
297.6000061;5.300000191
270.1000061;5.099999905
208;4.699999809
199.3999939;4.800000191
371.3999939;5.900000095
541.0999756;6.699999809
550.7999878;6.699999809
541.0999756;6.599999905
663.9000244;7.099999905
691;7.599999905
634;7.5
738.5999756;7.900000095
648.0999756;7.599999905
651.7000122;7.599999905
783.7999878;8
855.5999756;8.399999619
1045;9.100000381
1260.300049;9.800000191
1424;9.899999619
1391.099976;9.600000381
1464.099976;9.899999619
1382;9.800000191
1790.699951;10.80000019
1960.599976;11.30000019
1735.199951;10.69999981
1512.400024;10.19999981
1788.099976;10.60000038
1918;11.19999981
1933.400024;11.30000019
1981.599976;11.5
2038.900024;11.69999981
1971.900024;11.39999962
1931.900024;11.10000038
1806.099976;10.69999981
1652.5;10.69999981
1725;10.69999981
1225.099976;9.399999619
1332.599976;9.5
1338;9.699999809
1422.5;9.800000191
1597.099976;10.39999962
1737.5;10.80000019
1962.800049;11.19999981
1973.900024;11.10000038
1722.099976;10.69999981
1536.599976;10.10000038
1616.900024;10.5
1301.800049;9.300000191
1093.099976;8.800000191
1131.900024;8.899999619
987.5999756;8.5
786;7.699999809
694.9000244;7.5
683.2999878;7.199999809
641.7999878;7.099999905
504.2999878;6.199999809
512.5;6.599999905
440.7999878;6.099999905
589.5;6.900000095
524.5;6.5
472;6.199999809
540;6.599999905
577.2999878;6.900000095
495.5;6.5
355.8999939;5.800000191
276.7999878;5.300000191
240.1000061;5
281.7000122;5.099999905
431.7999878;6
372.5;5.699999809
375.7999878;5.800000191
332.1000061;5.599999905
166.8000031;4.800000191
260.3999939;5.199999809
271.2999878;5.099999905
59.79999924;3.599999905
10.39999962;3.299999952
43.5;3.599999905
113.4000015;4
104.5999985;4.300000191
-0.5;3.200000048
11.89999962;3.400000095
56.5;3.5
-12.10000038;3.099999905
-17;2.299999952
-16.70000076;1.600000024
-16.10000038;2.599999905
-16.10000038;1.899999976
-16;1.899999976
-16.20000076;1.100000024
-17.39999962;2.599999905
-16.29999924;2.299999952
-17;3.299999952
19.70000076;3.400000095
-17.5;3
-18;2.900000095
-16.39999962;2
11.60000038;3.700000048
-17.29999924;3
25.89999962;3.5
-12.89999962;3
-16.29999924;2.599999905
-16.39999962;1.600000024
-16.60000038;1.399999976
-16.89999962;1.799999952
-17;2.5
-19.39999962;2.299999952
-16.79999924;2
-16.70000076;1.600000024
-17.10000038;1.299999952
-17.20000076;1.200000048
-17.20000076;2.299999952
-17.29999924;2.599999905
-17.79999924;2.5
-16.39999962;2.400000095
-16.5;2.299999952
-16.5;2.5
-16.5;2.099999905
-16.60000038;2.200000048
-16.60000038;2.700000048
-16.60000038;2.299999952
-16.70000076;2.099999905
-16.70000076;2.299999952
-16.70000076;2.200000048
-16.89999962;1.899999976
-17;1
-17.10000038;0.600000024
-17;0.800000012
-16.60000038;0.699999988
-18.5;2.299999952
-16.60000038;1.600000024
-16.10000038;1.299999952
-16.29999924;1.399999976
-16.10000038;1.399999976
-16.10000038;1.399999976
-16;0.800000012
-16;0.600000024
-15.89999962;2
-21.10000038;3.200000048
-16.89999962;2.5
-16.10000038;2.700000048
-16.10000038;2.299999952
-16.20000076;2.700000048
-17.20000076;2.799999952
-16.10000038;2.099999905
-16.20000076;2
-17.20000076;2.799999952
-16.60000038;3.299999952
-16.20000076;3.099999905
-16.39999962;3
-16.60000038;3.200000048
-16.39999962;3.200000048
61.40000153;3.599999905
122.1999969;4.099999905
126.6999969;4.099999905
79.09999847;3.900000095
43.40000153;3.5
46.09999847;3.599999905
-16.29999924;3.099999905
69.80000305;3.799999952
83.30000305;4
54.59999847;3.700000048
67.80000305;3.900000095
17.20000076;3.400000095
-16;3.299999952
-16.10000038;3.099999905
-16.10000038;3.099999905
-16.10000038;3.299999952
93.19999695;3.900000095
256;5
303.2000122;5.099999905
145.1000061;4.5
146.5;4.400000095
65.5;3.700000048
-16.39999962;2.900000095
-16.29999924;2.799999952
-17;2.700000048
8.800000191;3.5
-9.899999619;3.099999905
-9.199999809;3.400000095
174;4.5
255.8000031;4.800000191
276.3999939;5
214.8000031;4.699999809
124.0999985;4.099999905
87.19999695;3.799999952
10.80000019;3
98.59999847;3.900000095
125.5;4
146.3999939;4
144.6999969;4.099999905
155.6000061;4.300000191
127.8000031;4.099999905
73.40000153;3.700000048
98.90000153;3.900000095
63.40000153;3.700000048
189.3999939;4.599999905
366.2999878;5.699999809
582.5999756;7
547.9000244;6.5
457.7000122;6.300000191
398.8999939;5.699999809
377.2999878;5.599999905
365;5.5
249.3999939;4.699999809
432.5;6.300000191
401.8999939;5.800000191
226.8999939;4.900000095
175.5;4.400000095
264.2999878;5.099999905
233.6000061;5
131.6000061;4.199999809
115.4000015;4.099999905
330.8999939;5.199999809
376.7999878;6
453.3999939;5.800000191
193.3999939;4.900000095
272.1000061;5.400000095
346.3999939;5.5
204.3000031;4.699999809
285.7999878;5.300000191
310.1000061;5.300000191
282.5;5.199999809
286.5;5.199999809
244.8000031;5
305.1000061;5.599999905
216.1999969;4.900000095
319.7000122;5.400000095
240.1000061;4.900000095
258;5.099999905
356.7000122;5.5
188.6000061;4.400000095
43.70000076;4.099999905
398.3999939;5.800000191
213;4.800000191
89.90000153;4.300000191
185.8000031;4.800000191
229.6000061;5.099999905
246.3999939;4.900000095
367.5;5.900000095
217.5;4.900000095
217.6999969;5.199999809
325.8999939;5.599999905
203.8999939;4.800000191
380.2000122;5.400000095
176.3999939;4.699999809
188.3000031;4.900000095
443.8999939;6.199999809
257.2000122;5.199999809
640.2000122;7.199999809
503.8999939;6.5
367.7000122;6
388.2999878;6
432;6.099999905
549.4000244;6.900000095
321;5.5
222.6000061;4.800000191
114.1999969;4.099999905
82.59999847;4.199999809
234.6000061;4.900000095
286.6000061;5.400000095
245.1999969;5
326.7999878;5.599999905
290.7000122;5.300000191
263.6000061;5.199999809
342;5.699999809
236.3000031;5.099999905
63.40000153;3.700000048
92.5;3.900000095
44.5;3.599999905
73.80000305;3.700000048
106.8000031;3.700000048
100.5999985;3.900000095
619.5999756;7.099999905
534.0999756;6.599999905
464.7000122;6.400000095
350.6000061;5.5
665.9000244;7.199999809
793.0999756;7.5
733.2000122;7.5
596.2000122;7.099999905
559.0999756;6.400000095
100.4000015;3.900000095
-17.39999962;2.700000048
-17.10000038;2.900000095
-17.79999924;3
4.800000191;3.400000095
-18.60000038;2.799999952
38.29999924;3.599999905
188.3000031;4.5
38.40000153;3.400000095
-19.10000038;3
154.3999939;4
923.2999878;7.900000095
570.9000244;6.800000191
150.1000061;4.300000191
12.60000038;3.5
-17.20000076;3.200000048
-16.20000076;3
66.09999847;4
137.6000061;4.400000095
256;5.199999809
97.30000305;4.099999905
83.90000153;4
99.90000153;4.099999905
205.8000031;4.699999809
178.1999969;4.5
172.6000061;4.5
63.5;3.799999952
-16.20000076;3.200000048
18.29999924;3.5
245.3000031;4.800000191
4.5;3.099999905
-16.10000038;3
-1;3.299999952
-16.20000076;3
-16.10000038;2.599999905
-17.29999924;3.099999905
-16.39999962;2.799999952
-15.80000019;3.200000048
263.2999878;5
338.3999939;5.599999905
330;5.400000095
431.1000061;6.400000095
465.3999939;6.300000191
414.2999878;6.199999809
409.3999939;6.099999905
293.2999878;5.199999809
385;5.800000191
270.7000122;5.199999809
219.8000031;4.699999809
284.2999878;5
276.3999939;5
358.6000061;5.5
331.2000122;5.300000191
249.3999939;4.900000095
262.1000061;4.900000095
97.80000305;3.900000095
17.79999924;3.299999952
4.5;3.5
12;3.400000095
-16.79999924;3
58.90000153;3.599999905
159.3999939;4.300000191
145;4.300000191
128.3999939;4.199999809
364.2000122;5.699999809
517;6.599999905
448.6000061;6.300000191
518.5;6.5
388.2000122;5.599999905
563.0999756;6.900000095
958.2000122;8.199999809
733;7.5
741;7.400000095
449.2000122;6.300000191
545;6.5
486;6.300000191
609.7999878;6.900000095
570.2000122;6.599999905
580.4000244;6.800000191
471.2000122;6.199999809
358.2000122;5.699999809
338.2999878;5.400000095
266.6000061;5.099999905
269.3999939;5.099999905
228.3000031;5
189.8999939;4.599999905
279;5.099999905
185.1000061;4.699999809
155.6000061;4.400000095
16.10000038;3.299999952
91.30000305;4.199999809
-19.89999962;2.799999952
141.3000031;4.199999809
11.69999981;3
9.800000191;3.299999952
-18.5;3
-17.10000038;2.5
-18;2.900000095
50.5;3.799999952
71.80000305;4.099999905
98.90000153;4.099999905
136;4.400000095
128.1999969;4.300000191
145.5;4.400000095
126.9000015;4.400000095
102.4000015;4.099999905
89.40000153;3.900000095
70.30000305;4
86.80000305;3.799999952
18.29999924;3.799999952
-6.099999905;3.099999905
74.5;3.799999952
-5.5;2.900000095
-4.699999809;3.400000095
53.29999924;3.400000095
60.70000076;3.200000048
81.40000153;3.799999952
-17.10000038;2.700000048
-18.60000038;2.900000095
73.09999847;4.099999905
336.3999939;5.699999809
127.5999985;4.199999809
-17.20000076;3.099999905
0;3.299999952
5;3.400000095
-16.70000076;3.099999905
-16.5;2.400000095
-16.5;1.700000048
-16.60000038;2.5
-9.100000381;3
-18.60000038;3.200000048
-16.70000076;2.200000048
-17;2.299999952
-16.89999962;1.899999976
-17.10000038;1.700000048
70.90000153;3.900000095
123.9000015;4
228.5;4.800000191
202.3000031;4.5
72.40000153;3.799999952
173.1999969;3.900000095
837.2999878;7.5
1616.5;10.39999962
925.0999756;8.300000191
544.5999756;7
481.8999939;6.599999905
112.9000015;4.199999809
186.6999969;4.800000191
276.5;5.400000095
354.3999939;5.900000095
271.2999878;5.599999905
206.3000031;4.900000095
32.09999847;3.599999905
25.79999924;3.5
63.40000153;3.799999952
381.7999878;6
348.5;5.599999905
169.3999939;4.300000191
156.1000061;4.5
9.600000381;3.299999952
9.399999619;3.5
58.59999847;3.700000048
91.80000305;4.099999905
83.90000153;4
70.30000305;3.700000048
118.1999969;4.199999809
186.1999969;4.599999905
163.1999969;4.300000191
76.40000153;3.700000048
138.5;4.199999809
76.5;3.799999952
57.40000153;3.799999952
228.3000031;5
303.6000061;5.300000191
361.5;5.800000191
405;6
270.6000061;5.099999905
230.1000061;4.800000191
285.6000061;5.400000095
364.6000061;5.900000095
435.3999939;6.099999905
497.3999939;6.599999905
661.2999878;7.5
639.9000244;7.599999905
656.9000244;7.5
369.5;5.900000095
207.6999969;4.800000191
328;5.599999905
537.2000122;6.800000191
687.9000244;7.400000095
845.2000122;8.199999809
799.5999756;7.900000095
787;7.699999809
676.7000122;7.199999809
461;6.300000191
659.5;7.300000191
394.7999878;6
435;6.099999905
477.6000061;6.300000191
481.7999878;6.300000191
721.0999756;7.5
742.7000122;7.599999905
667.4000244;7.199999809
555.0999756;6.599999905
706.5;7.199999809
860.5999756;7.900000095
1000.200012;8.399999619
1150.5;9
1349.199951;9.5
1656.099976;10.39999962
1724;10.5
1954.400024;10.89999962
1391;9.5
1592.900024;9.899999619
1851.599976;10.80000019
2167.699951;12
1593.5;10.10000038
1433.300049;9.699999809
1581;9.800000191
1342;9.300000191
741.0999756;7.300000191
659.7999878;7.099999905
732.5999756;7.5
709.2000122;7.199999809
687.4000244;7.099999905
715.7999878;7.099999905
708.4000244;7.400000095
597.4000244;6.800000191
367.2999878;5.5
344.6000061;5.599999905
388.7999878;5.800000191
449.3999939;6.199999809
445.5;6.199999809
190.8000031;4.699999809
418.8999939;5.800000191
335.8999939;5.5
305;5.199999809
241.1000061;5.099999905
400;5.699999809
444.7999878;6.300000191
423.7000122;5.800000191
747.5999756;7.400000095
183.8000031;4.5
494.2999878;6.199999809
484;6.099999905
404.3999939;5.699999809
204.1999969;4.599999905
308.3999939;5.099999905
345.6000061;5.400000095
294.5;5.199999809
132.8000031;4.199999809
126.1999969;4
154.8999939;4.5
122.3000031;4.099999905
27.29999924;3.299999952
-18.60000038;2.5
-17.70000076;2.299999952
127.6999969;4.099999905
190.1000061;4.5
198.8000031;4.699999809
215.8000031;4.699999809
284.2000122;5.300000191
28.10000038;3.299999952
112.9000015;3.900000095
197.1000061;4.900000095
-18.60000038;2.900000095
-18.29999924;2.799999952
219.8999939;4.800000191
418.1000061;6.099999905
352.5;5.800000191
433;6.400000095
244.6999969;5.099999905
138.6000061;4.199999809
296.1000061;5.099999905
511.7999878;6.300000191
460.2000122;6.300000191
538.0999756;6.699999809
655;7.199999809
571.7000122;6.900000095
634.7999878;7.199999809
679.0999756;7.300000191
619.2999878;6.900000095
832.2999878;7.800000191
925.2999878;8.5
908.7000122;8.199999809
1070.800049;8.699999809
1128.800049;9.199999809
1178.599976;9.100000381
1311.199951;9.800000191
1404.800049;10
1696.699951;10.69999981
1824.199951;10.89999962
2355.5;12.80000019
2374.699951;12.39999962
2110;11.80000019
1995.900024;11.30000019
2173.399902;12
1979.699951;11.39999962
1547.099976;9.800000191
1023.700012;8.399999619
768.2999878;7.5
832.4000244;7.800000191
810.4000244;7.5
1329.300049;9.199999809
887;8
741.2000122;7.400000095
943.0999756;8.300000191
702.7999878;7.099999905
659.7999878;7
873.5;7.800000191
815.5999756;7.800000191
810.0999756;7.599999905
537.7999878;6.5
598.0999756;6.599999905
1227.599976;9
1595.400024;10
1123;8.600000381
1234.400024;9.199999809
1250.699951;9.199999809
1319.699951;9.300000191
844;7.699999809
841.2000122;7.599999905
1015.799988;8.100000381
637.2999878;7.099999905
563.9000244;6.5
846.0999756;7.900000095
699.5;7.300000191
449.2999878;6.199999809
1191.599976;8.899999619
1045.5;8.300000191
768.9000244;7.400000095
1044;8.199999809
1075.900024;8.399999619
633.2000122;6.699999809
456.3999939;6.300000191
448.6000061;6
294.2999878;5.099999905
631.5;6.800000191
280.8999939;5
207;4.599999905
381;5.599999905
534.0999756;6.400000095
616.5;6.900000095
562.0999756;6.5
613.4000244;6.900000095
610;6.900000095
645;7
549.5;6.400000095
622.0999756;6.900000095
605.2000122;6.900000095
888.5999756;7.900000095
1132.199951;8.699999809
1360.599976;9.399999619
1415.800049;9.399999619
897;8
1628.800049;10.19999981
1877;11.19999981
2187.800049;12.30000019
1252.099976;9.100000381
2131.800049;11.89999962
2152.199951;11.69999981
2125.600098;11.80000019
1744.199951;10.60000038
1526;10.10000038
979.0999756;8.199999809
1171.099976;8.899999619
1139.5;8.899999619
1410.5;9.5
1550.800049;10.10000038
1640.400024;10.30000019
1489.599976;9.899999619
847.5;7.800000191
707.7000122;7.099999905
559.7999878;6.900000095
724.0999756;7.300000191
663.2999878;7.199999809
657.2000122;7
834.9000244;7.900000095
1173.900024;8.899999619
1149.400024;8.800000191
1103.599976;8.699999809
707.5999756;7.599999905
688;7.300000191
577.5999756;6.699999809
567.4000244;7
862.0999756;8
743.5;7.199999809
761.0999756;7.400000095
599.7000122;6.900000095
597;6.599999905
661.5;7
854.2000122;7.900000095
349;5.599999905
211.3999939;5
355;5.599999905
398.7000122;5.900000095
162.3999939;4.400000095
456.1000061;6.199999809
522.4000244;6.5
791.2000122;7.5
908.4000244;8.399999619
480.8999939;6.400000095
828.4000244;7.599999905
1243;9
832.5;7.699999809
895.2000122;8.199999809
740.7000122;7.599999905
1383.5;9.899999619
712.2000122;7.400000095
718.2999878;7.599999905
1082.800049;8.699999809
1728.599976;10.80000019
1397.800049;9.699999809
1233.099976;9.199999809
775;7.400000095
723.5999756;7.5
626.7000122;6.800000191
536.5;6.400000095
647.2000122;6.699999809
602.2000122;6.699999809
705.7000122;6.900000095
964.4000244;8.100000381
980.2999878;8.300000191
1207.800049;9.100000381
1503.5;9.800000191
1420.900024;9.800000191
1373;9.600000381
1416;9.699999809
1464.599976;9.600000381
1916.599976;11
1880.199951;10.89999962
1925.099976;11
1872.900024;11.19999981
1870.300049;11.10000038
2094.800049;11.60000038
1941.099976;11.30000019
1857;11
1959.099976;11.19999981
2015.5;11.5
2519.5;13.10000038
2758.100098;14.5
2758.600098;14.30000019
2844.699951;14.69999981
2793.399902;14.30000019
2358.399902;12.5
2124.899902;11.69999981
2693.5;14.10000038
2382.600098;12.80000019
2183.699951;12.10000038
2388.600098;12.69999981
2395.800049;12.69999981
1800.800049;10.60000038
1543.199951;9.699999809
1841.900024;10.80000019
2078.100098;11.69999981
2556.399902;13
2043.599976;11.5
2085.899902;11.5
2358.699951;12.5
2076;11.19999981
2567.399902;13.69999981
2819.100098;14.60000038
2801.300049;13.89999962
2608;13.19999981
2505.600098;12.80000019
2442.100098;12.89999962
2493.800049;13.10000038
2702.899902;14.10000038
2910.899902;15.39999962
2995.5;17.29999924
2998.899902;16.29999924
3000.199951;16.79999924
2993.600098;15.89999962
2627.5;13.60000038
2222.800049;11.89999962
2091.800049;11.5
2044.599976;11.10000038
1551.400024;9.800000191
1787.800049;10.30000019
1643.800049;10.10000038
1583.599976;9.899999619
1496.900024;9.600000381
1551.400024;9.5
1474.400024;9.399999619
1179.400024;8.600000381
1133.5;8.100000381
1131.099976;8.5
786.2000122;7.099999905
401.2999878;5.599999905
551.2999878;6.199999809
590.0999756;6.599999905
642.9000244;6.699999809
697.7999878;7
1086.5;8.399999619
1349.699951;9.199999809
1849.300049;10.5
1878.900024;10.60000038
2184.600098;11.69999981
1979.300049;11
2043.199951;11.19999981
2445.600098;13
2189.300049;11.60000038
2773.300049;14.19999981
2533.5;13.30000019
2633.399902;13.39999962
2215.100098;11.80000019
2353.600098;12.60000038
2654.600098;13.89999962
2688.300049;13.89999962
2607.300049;13.10000038
2382;12.80000019
2528.5;13.10000038
1998;11.39999962
2481.300049;13.39999962
2105.199951;11.89999962
2211.899902;12.19999981
1644.300049;10.30000019
1905.199951;10.80000019
1745.5;10.5
1378.199951;9.399999619
1158;8.800000191
1108.099976;8.800000191
957.0999756;8.199999809
976.5;8.199999809
649.0999756;7
516.5999756;6.400000095
919.5999756;8.100000381
809.5999756;7.699999809
767.2000122;7.599999905
519.2999878;6.400000095
480.6000061;6.099999905
224;5.099999905
382.2000122;5.800000191
190.3999939;4.699999809
63.59999847;3.900000095
95.19999695;4.599999905
185.3000031;4.599999905
-0.800000012;2.900000095
28.79999924;3.700000048
-18.70000076;2.900000095
330.2000122;5.5
181;4.800000191
19.70000076;3.400000095
172.3000031;4.599999905
626.4000244;6.800000191
467;6.300000191
353.3999939;5.400000095
466.8999939;6.300000191
291.2999878;5.400000095
378.6000061;5.800000191
182.1999969;4.599999905
667.2999878;7.400000095
387.5;5.900000095
316.2000122;5.5
373.2999878;5.699999809
532.2000122;6.5
512;6.599999905
614.0999756;7.099999905
524.2000122;6.599999905
563;6.900000095
528;6.699999809
507.7999878;6.400000095
517.0999756;6.900000095
424.2999878;6.099999905
554.4000244;7
565.2999878;6.900000095
843.2000122;7.900000095
1821.5;10.69999981
1409.400024;9.699999809
1397.599976;9.699999809
1520.699951;9.800000191
1607.699951;10.10000038
1733.099976;10.39999962
1601.900024;10
1537;9.899999619
1424.300049;9.5
1917.400024;11.10000038
2013.300049;11.10000038
2037.400024;11.80000019
2276;12.39999962
2487.600098;13.39999962
2373.5;13.10000038
2316.699951;12.60000038
2310.199951;12.39999962
2165.399902;12
2254.199951;12.30000019
2013.900024;11.5
1712.699951;10.30000019
1743.099976;10.60000038
2072.199951;11.5
2070.100098;11.69999981
1994.5;11.39999962
2165.600098;11.69999981
1919.800049;11.30000019
1544.300049;10.19999981
1197.800049;9
1150.400024;8.699999809
950.5;8.100000381
1269.199951;9
1379.699951;9.5
939.7000122;8
1163.300049;8.699999809
1279;9
1250.699951;9.100000381
1195.5;8.800000191
1511.199951;9.800000191
1158.599976;8.600000381
1491.400024;9.699999809
1519.199951;9.800000191
1517.800049;9.899999619
1705.900024;10.5
1402.900024;9.5
909.5;7.699999809
1118.800049;8.600000381
1132.199951;8.600000381
892.7999878;7.900000095
1224.300049;9
1387.5;9.699999809
1355.400024;9.5
1313.699951;9.199999809
1182.599976;9.100000381
1199.900024;9
1217;9
1692.199951;10.30000019
1365.599976;9.300000191
1314.5;9.199999809
1478.400024;9.600000381
1476;9.699999809
1355.400024;9.399999619
1051.900024;8.300000191
1610.199951;9.899999619
1661.800049;10
1986.099976;11
1815;10.5
2235.199951;12.19999981
2419;13
2426.600098;13.10000038
2669.800049;14
2723.899902;14
2443.199951;13.19999981
2609.300049;13.5
2723.899902;14.30000019
2692.800049;14.10000038
2375.199951;12.60000038
1988.400024;11.30000019
2076.399902;11.5
2342.600098;12.39999962
2420.300049;12.60000038
2374.699951;12.39999962
2501.800049;13.10000038
2166.100098;11.80000019
2288.5;12.5
1891;11
1786.300049;11
2102;11.89999962
2255.600098;12.39999962
2360.100098;12.60000038
2022.300049;11.69999981
1649;10.19999981
2315;12.5
2059.5;11.5
1912.800049;11.5
2014.099976;11.30000019
1978.599976;11.69999981
1679.199951;10.19999981
1507.699951;10.19999981
1438.199951;9.600000381
1171.599976;9
1305.599976;9.5
1176.599976;8.800000191
1136.199951;8.800000191
657.7999878;7.300000191
839.5;7.599999905
607;7
387.7000122;5.699999809
472.8999939;6.300000191
411.7999878;6
556.7000122;6.800000191
251.8999939;4.900000095
435;6.400000095
781;7.400000095
518.0999756;6.400000095
350.2999878;5.800000191
533.9000244;6.5
500.8999939;6.199999809
336.7999878;5.300000191
423.8999939;6.199999809
415;6
399.8999939;6.099999905
390;5.900000095
836.7999878;7.800000191
630.2000122;7.099999905
501.7999878;6.5
557.0999756;6.699999809
506;6.599999905
724.7999878;7.5
922.0999756;8.100000381
987.2000122;8.300000191
1313.099976;9.300000191
1473.599976;9.899999619
1267;9.199999809
1442.699951;9.899999619
1398.199951;9.5
1078.699951;8.5
909.2999878;8
641.5999756;6.900000095
779.2000122;7.699999809
948.9000244;8.100000381
984.7000122;8.199999809
1360.900024;9.5
1105.800049;8.699999809
718.9000244;7.300000191
1064.400024;8.300000191
1237.5;9.100000381
1198.199951;9.100000381
1178.800049;9
1055.5;8.699999809
1051.300049;8.5
1105.900024;8.699999809
1202.099976;8.800000191
1185.199951;9.100000381
1184.400024;8.899999619
1267.5;9.399999619
1352.900024;9.800000191
1280;9.399999619
1247.099976;9.300000191
1075.199951;8.800000191
1297.800049;9.300000191
1281.199951;9.100000381
1409;9.600000381
1739;10.39999962
1665.5;10.30000019
1883.699951;11
2070.199951;11.5
2308.100098;12.5
2452.399902;12.80000019
2618.300049;13.5
2351.899902;12.60000038
2437.199951;12.30000019
2376.899902;12.69999981
2042.599976;11.39999962
2204.300049;12.10000038
2433.199951;12.60000038
2072.5;11.5
2152.699951;11.69999981
2123.300049;11.60000038
1952.5;11.10000038
2238.600098;12
1874.900024;10.80000019
1901.400024;11.10000038
1886.699951;11
1914;10.89999962
2211.600098;11.80000019
2197.800049;11.80000019
2261.600098;12.10000038
2334.300049;12.10000038
2261.100098;12.10000038
2145.399902;11.80000019
2141.800049;11.80000019
2213.300049;12.39999962
2298.300049;12.19999981
2244.300049;12.19999981
2188.300049;11.89999962
2120.5;11.39999962
1892.599976;10.80000019
1825.800049;10.69999981
1838.099976;10.69999981
1979;11.39999962
2179.800049;11.5
2113.600098;11.60000038
2120.300049;11.80000019
2100.199951;11.60000038
2307.899902;12.10000038
2518.699951;13
2360.399902;12.60000038
2274.800049;12
2512.199951;12.69999981
2375.100098;12.60000038
2412.100098;12.80000019
2334.300049;12.5
2226.199951;12.10000038
2329.100098;12.19999981
2031.099976;11.30000019
1903.800049;11
2000.5;11.30000019
2175.5;11.80000019
2217.899902;12.39999962
2121.100098;11.39999962
2266;12.30000019
2229.399902;11.89999962
2544.699951;13.5
2004.699951;11.19999981
1866.5;10.69999981
2132.600098;11.5
1604.5;10
1713.599976;10.39999962
2041.300049;11.30000019
1863.900024;11
1596.800049;10.30000019
1306.400024;9.300000191
1748.199951;10.60000038
1409.900024;9.600000381
1421.5;9.5
1413;9.600000381
1466.400024;10
1402;9.5
1469.599976;9.899999619
1503.699951;9.899999619
1411.699951;9.699999809
1476.900024;9.800000191
1477.400024;9.699999809
911.5999756;8.300000191
974.7000122;8.300000191
919.9000244;8.199999809
823.2000122;7.800000191
482.5;6.199999809
642.5;7.199999809
511.7000122;6.599999905
596;6.900000095
207.8999939;4.900000095
375.1000061;5.900000095
418.2999878;5.900000095
414.6000061;6
428.2000122;6.199999809
149.6000061;4.300000191
162.6999969;4.300000191
132.3000031;4.400000095
68.90000153;3.900000095
43.40000153;3.5
13.39999962;3.200000048
-17.20000076;2.5
-12.39999962;3
49.29999924;3.700000048
-18.70000076;3.099999905
11.5;3.5
-15;2.900000095
3.400000095;3.400000095
26.60000038;3.599999905
9.399999619;3.200000048
-18.29999924;2.599999905
142.5;4.300000191
150.6000061;4.400000095
686;7.300000191
1016.299988;8.699999809
1012.400024;9
1105.699951;9
1076.400024;9.100000381
1141.599976;9.399999619
975;8.699999809
1278.099976;9.399999619
1743.099976;10.89999962
1738.300049;10.5
1713.900024;10.69999981
1898;11.10000038
1967.900024;11.19999981
1986;11.5
1956.5;11.39999962
2054;11.60000038
1943.900024;11.30000019
1988.599976;11.10000038
2234.399902;12.19999981
2342.699951;12.30000019
2501.899902;13.19999981
2486;13.10000038
2580;13.5
2794.5;14.60000038
2364.899902;12.5
2500.600098;13.5
2602;13.19999981
2773;14
2705.600098;13.89999962
2801.800049;14.5
2900.699951;15.5
2836.600098;14.89999962
2861.300049;14.39999962
2818.699951;14.5
2854.600098;14.5
2898.899902;15.10000038
2721.199951;14.19999981
2948.399902;15.89999962
2814.600098;14.80000019
2824.600098;14.89999962
2771.199951;14.5
2793.899902;14.19999981
2871;14.89999962
2927;15.10000038
2976.300049;16.5
2945.399902;15.80000019
2956.300049;15.5
2853;15.10000038
2904.300049;15.19999981
2712.800049;14.19999981
2364.399902;12.69999981
1825.699951;10.80000019
1812.199951;10.80000019
1642.5;10.10000038
2634.5;14
2721;14.39999962
2922.300049;15.10000038
2886.600098;15
2790.800049;14.39999962
2864.100098;15.10000038
2977.5;15.39999962
2962;15.69999981
2686.699951;14
2406.5;12.5
1935.900024;11.30000019
1200.800049;8.600000381
1060.199951;8.300000191
1065.5;8.100000381
1105.599976;8.300000191
1107.300049;8.699999809
1181.900024;9
1334.300049;9.199999809
1263.699951;9
2080.899902;11.39999962
2222;12.19999981
1920.099976;10.69999981
1865.400024;10.80000019
1321;9.300000191
1439;9.699999809
1867.900024;10.69999981
1745.199951;10.39999962
1357.800049;9.399999619
1495.5;9.5
1149.599976;8.699999809
1779.900024;10.30000019
1743.699951;10.5
1415.300049;9.600000381
1714.699951;10
1509.699951;9.699999809
1110.199951;8.5
1232.800049;8.899999619
1664.699951;10.10000038
1073.199951;8.600000381
935.7000122;8.199999809
1402.400024;9.5
1571.900024;9.899999619
1395.699951;9.699999809
1245.099976;8.899999619
1578.400024;10
1378.099976;9.699999809
1294.900024;9.300000191
1178.400024;9.100000381
803.4000244;7.800000191
896.5999756;8
721.7000122;7.400000095
944.5999756;8.100000381
709.5999756;7.300000191
943.2000122;8.100000381
712.2999878;7.300000191
647.5999756;7.099999905
518.9000244;6.400000095
438.2000122;6.300000191
731.5999756;7
529.4000244;6.699999809
613.9000244;6.699999809
564.7000122;6.599999905
288.3999939;5.599999905
256.3999939;4.800000191
209.3999939;4.800000191
247.8999939;5
182.6000061;4.800000191
264.3999939;5.300000191
250.3000031;5.300000191
19;3.5
298.1000061;5.199999809
48;3.599999905
3;3.5
487.2999878;6.400000095
396.1000061;6.099999905
149;4.400000095
202.8000031;4.800000191
227.8999939;4.800000191
47.79999924;3.799999952
236.3000031;5
270;5.099999905
297;5.300000191
26.60000038;3.5
3.099999905;3.200000048
293.7999878;5.5
-11.69999981;3
-17.79999924;2.900000095
90.19999695;3.599999905
27.20000076;3.299999952
290.7000122;4.900000095
586;6.699999809
440.3999939;5.900000095
484.8999939;6.099999905
243.3999939;5
206.8000031;4.400000095
400.2000122;5.599999905
209.1999969;4.599999905
109.6999969;4.199999809
103;3.900000095
55.20000076;3.599999905
70.69999695;3.599999905
204.8999939;4.599999905
155.6999969;4.400000095
105.8000031;4.099999905
177.3999939;4.400000095
374.1000061;5.599999905
571.0999756;6.900000095
656.0999756;7.099999905
616.7999878;7.300000191
505.7999878;6.599999905
681.0999756;7.5
837.2999878;8
938.7999878;8.399999619
1157.5;9
982.5;8.300000191
1117.599976;8.699999809
1527.599976;9.899999619
1621.5;10.19999981
2073.800049;11.60000038
2621.800049;13.69999981
2455.800049;13.10000038
1804.300049;10.60000038
2086.600098;11.69999981
2361.5;13
2575.699951;13.19999981
2606.300049;13.80000019
2699.399902;14.19999981
2903.300049;15
2819.5;14.60000038
2619.699951;13.80000019
2492.899902;13
2601.399902;13.19999981
2794.899902;14.30000019
2847.399902;14.69999981
2916.699951;15.60000038
2915.600098;15.69999981
2976.699951;16.10000038
2959;16
2921.800049;15.69999981
2961.899902;15.39999962
2977.899902;15.39999962
2986.5;16.29999924
2979.199951;16.39999962
2838.800049;14.80000019
2932.199951;15.5
2963.5;15.89999962
2910.800049;15.30000019
2955;15.60000038
2854;14.80000019
2850.199951;14.60000038
2676.800049;13.89999962
2739.699951;14.19999981
2774;14
2428.100098;12.89999962
2033.699951;11.39999962
1813.900024;10.5
1939.199951;11.10000038
1641.5;9.899999619
1804.900024;10.5
1564.5;9.899999619
1412;9.199999809
1383.800049;9
1232.900024;8.899999619
929.9000244;8
1116.400024;8.5
1621;9.800000191
1940.800049;11.10000038
1411.199951;9.5
933.9000244;8.100000381
886.4000244;7.699999809
1462;9.699999809
1006.799988;8.300000191
1010.400024;8.399999619
1179;8.899999619
1290.300049;9.199999809
1129.599976;8.800000191
1452.099976;9.699999809
876.2999878;7.699999809
932;8.199999809
1110.699951;8.5
1876.5;10.89999962
1804.699951;10.80000019
1727.699951;10.30000019
1315.300049;9.199999809
1616.300049;10.19999981
1869.699951;10.80000019
1429.599976;9.600000381
1780.300049;10.60000038
1598.300049;10.19999981
1749;10.39999962
1738.800049;10.60000038
1676;10.39999962
1561.400024;10
1397.800049;9.600000381
1335.199951;9.300000191
1546.5;10.10000038
1459;9.5
1610.300049;10.19999981
1060;8.600000381
882.7999878;7.900000095
1466.400024;9.699999809
1273.800049;9.199999809
510.6000061;6.099999905
514.4000244;6.800000191
1077.5;8.5
766.4000244;7.5
717;7.400000095
1171.800049;8.800000191
1182.900024;9
1122.800049;8.699999809
978.2999878;8.300000191
1241.599976;9.100000381
1323.800049;9.5
934;8.300000191
1225;9.100000381
1219.599976;9.100000381
898.7000122;8
591.0999756;6.900000095
1260.699951;9.399999619
622.7000122;7.199999809
548.2999878;6.699999809
1002.799988;8.199999809
511.7000122;6.5
710.2999878;7.099999905
495.8999939;6.300000191
746;7.300000191
1178.699951;8.899999619
985.0999756;8.399999619
1184.099976;9.199999809
985.0999756;8.300000191
816.5999756;7.599999905
886.5999756;8
932.5999756;8.199999809
892.5999756;8
614.7000122;6.800000191
784.5999756;7.5
804.2999878;7.599999905
764.7999878;7.300000191
1050.5;8.5
768.5999756;7.5
801.5;7.5
894.5;7.800000191
981;8.399999619
1162.5;9.199999809
850.5;8
1278;9.199999809
1458.400024;9.5
1542.400024;9.800000191
1394.5;9.600000381
1320.900024;9.399999619
1236.300049;9.199999809
953.7999878;8.199999809
1179.300049;8.800000191
1619.5;10.19999981
1986.400024;11.30000019
2324;12.39999962
1941.699951;11.39999962
2049;11.19999981
2565.899902;13.30000019
2776.699951;14.39999962
2184.600098;12.10000038
1737.5;10.39999962
1578.199951;10
1302.900024;9.300000191
923.2999878;8
923.5999756;7.800000191
891.0999756;7.699999809
751.7000122;7
879.5999756;7.699999809
1240.699951;8.899999619
612.4000244;6.599999905
802.9000244;7
883.7000122;7.5
772.5999756;7.400000095
1174;8.699999809
1433.400024;9.399999619
1403.099976;9.199999809
1113.099976;8.600000381
1296.900024;8.899999619
1105.599976;8.300000191
936.2999878;7.800000191
1241;9
1245.300049;9
1373.599976;9.300000191
1650.800049;10.19999981
1227.599976;8.800000191
1219.400024;8.699999809
1729.300049;10.19999981
1819.699951;10.5
2596.899902;12.89999962
2697.600098;14.10000038
2890.899902;15.19999981
2468.800049;12.5
1938.699951;11
2238.100098;12.10000038
2378.5;12.69999981
2556;13.39999962
2787.899902;14.19999981
2548.600098;13.10000038
2622.100098;13.69999981
2680.5;13.39999962
2601.399902;13
2532.699951;12.89999962
2813;13.89999962
2872.300049;14.80000019
2717.899902;13.69999981
2876.800049;14.5
2368.899902;12.5
1046.199951;8.199999809
1149.800049;8.699999809
1025.5;8.199999809
1025.199951;8.199999809
801.7999878;7.5
917.7000122;8
861.5;7.900000095
1108.400024;8.5
972.0999756;8.100000381
921.5999756;7.900000095
1263.599976;9
856.5999756;7.599999905
954.7000122;8.100000381
1474;9.800000191
1038.5;8.399999619
1218.300049;9.100000381
1219;9
1096.099976;8.600000381
1162.400024;8.800000191
1168.199951;8.800000191
1369.900024;9.300000191
1294.5;9.199999809
1434.699951;9.800000191
1320.400024;9.199999809
1319.800049;9.300000191
1747.099976;10.5
2016.5;11.30000019
1874.599976;10.89999962
1400.300049;9.600000381
1585.599976;10.30000019
1742.900024;10.30000019
1563.099976;9.800000191
1347.199951;9.600000381
1433.199951;9.600000381
1449.800049;9.600000381
1613.5;10.5
1643.199951;10.39999962
1687;10.39999962
1329.699951;9.100000381
1747.400024;10.5
1836.199951;10.89999962
1761.300049;10.5
1574.300049;10
1445.400024;9.699999809
1511.400024;9.899999619
1142.300049;9.100000381
734.2999878;7.5
748.2000122;7.5
897.7000122;8.100000381
766.7999878;7.5
723.5;7.400000095
876.5;8
402.5;5.800000191
838.0999756;7.800000191
668.4000244;7.199999809
732.7999878;7.5
690.5999756;7
632.0999756;7.199999809
709.4000244;7.099999905
456.2999878;6.099999905
678.2000122;7.099999905
422.7000122;5.800000191
311.5;5.400000095
438.1000061;6.099999905
555.2999878;6.900000095
385.2999878;5.699999809
696.0999756;7.300000191
793.7000122;7.599999905
659.4000244;7.099999905
1023.5;8.600000381
910.2000122;8.100000381
754.0999756;7.300000191
949.2000122;7.900000095
1004.700012;8.399999619
1279;9.199999809
1202.800049;8.899999619
1367.300049;9.5
1356.699951;9.399999619
1075.599976;8.5
1265.300049;9.300000191
1452;9.899999619
1371.5;9.5
1422.300049;9.699999809
1310.099976;9.100000381
1026.599976;8.100000381
1359.199951;9.199999809
1692.599976;10.30000019
2229.899902;12.19999981
2527.300049;13.19999981
2383.300049;12.39999962
2423.300049;12.69999981
2368;12.5
2632.399902;13.69999981
2482.100098;13.30000019
2588;13.69999981
2592.300049;13.80000019
2672.5;13.89999962
2756.600098;14.10000038
2831.800049;14.69999981
2789.399902;14.19999981
2507.600098;12.69999981
2154.600098;11.89999962
2205.600098;11.80000019
2001.199951;11.30000019
2030.800049;11.5
2693.899902;13.5
2966.300049;15.60000038
2898.800049;14.60000038
2964.699951;15.60000038
2932.300049;15.39999962
2630.699951;13.5
2089.100098;11.30000019
2613.5;13.19999981
2378.100098;12.39999962
2434.300049;12.80000019
2578.600098;12.89999962
2341.600098;12
2415;12.60000038
2582.199951;13.10000038
2870.5;14.60000038
2858.699951;14.19999981
2847.100098;14.39999962
2748.5;14
2742.300049;13.80000019
2943.199951;15.10000038
2879.199951;14.39999962
2743.899902;14.69999981
2861.699951;14.60000038
2526.300049;13.39999962
2213.5;12
2162.699951;11.80000019
2297.100098;12.30000019
2033.199951;11.19999981
2256.600098;12.19999981
2499.600098;13.19999981
2485.699951;12.19999981
2706.800049;13.60000038
2363.600098;12.5
1723.699951;10.30000019
1386.300049;9.399999619
2064.899902;11.39999962
1676.099976;10.30000019
1831.5;10.80000019
1719.300049;10.39999962
1684.5;10.30000019
1837.099976;10.69999981
1469.199951;9.699999809
1368.099976;9.399999619
1483.5;9.800000191
1344.599976;9.5
834.7000122;7.900000095
1038.199951;8.5
966.4000244;8.100000381
938.7999878;8.100000381
1022.400024;8.5
988;8.399999619
714.5;7.300000191
910.9000244;8.100000381
901.7999878;8
1187.400024;9.100000381
1138.900024;8.699999809
1180.5;8.899999619
1711;10.39999962
1682.400024;10.19999981
1163.300049;8.899999619
1244.699951;9.100000381
1242;9
967.7000122;8.600000381
1007.400024;8.5
743.7000122;7.5
878.2000122;7.800000191
819.9000244;7.800000191
817.0999756;7.800000191
539.4000244;6.400000095
626.7999878;7.099999905
1089.400024;9.100000381
880.2000122;7.900000095
840.9000244;7.800000191
923.4000244;8.100000381
835.7000122;7.800000191
702.2000122;7.400000095
772.2999878;7.699999809
701.7000122;7.199999809
610.9000244;6.699999809
537.7999878;6.800000191
763.7000122;7.400000095
619.2000122;7.099999905
548.7999878;6.400000095
732.0999756;7.300000191
523.5999756;6.699999809
403.3999939;5.800000191
284;5.099999905
174.1000061;4.800000191
265.6000061;5.099999905
346.2000122;5.400000095
206.3999939;4.699999809
477.3999939;6.300000191
455.5;6.400000095
329.3999939;5.5
383.3999939;6
486.2000122;6.5
317.6000061;5.5
524.0999756;6.5
445;6.099999905
474.7999878;6.300000191
337;5.699999809
515.2999878;6.400000095
421.3999939;6.099999905
568.2999878;6.800000191
535.4000244;6.5
388.6000061;5.900000095
561.5999756;6.599999905
383.7999878;5.800000191
482.3999939;6.300000191
495.3999939;6.400000095
896;8
462.7000122;6.099999905
457.2999878;6.199999809
336.7999878;5.300000191
101.0999985;3.799999952
125.0999985;4.099999905
180.1000061;4.699999809
382.6000061;6
410.5;6.099999905
494.3999939;6.5
559.2999878;6.699999809
774.5;7.900000095
895;8.5
724.5999756;7.800000191
660.9000244;7.5
723.7000122;7.800000191
792.9000244;8.100000381
766.2999878;7.699999809
749.2999878;7.5
1168.900024;8.800000191
1397;9.5
1158.699951;8.899999619
897.7999878;8
825.7999878;7.800000191
913.4000244;8.100000381
1201.599976;8.800000191
1559;9.899999619
1967.199951;11.10000038
1596.099976;10
1555.300049;10
1603.400024;9.899999619
1386.5;9.399999619
1961.900024;11.19999981
2794.699951;14.60000038
2876.699951;15.30000019
2688.5;14.10000038
2516.800049;12.89999962
2245;12
2114.699951;11.80000019
2041.900024;11.60000038
1644.099976;10.10000038
1206.599976;8.899999619
1583.5;10.10000038
2041;11.10000038
2295.100098;12
2252.5;11.69999981
2443.100098;12.69999981
2350.5;12.5
1485.699951;9.699999809
1869.900024;10.5
1383.900024;9.399999619
889.4000244;7.699999809
1133.800049;8.5
1624.099976;10.10000038
1581.699951;9.800000191
1540.5;9.800000191
1465.800049;9.699999809
1517.400024;9.800000191
1570.800049;9.899999619
1715.5;10.30000019
1528.5;10
1614.599976;10.19999981
1861.400024;11
1744.300049;10.69999981
1892.699951;10.89999962
1810.800049;10.39999962
1674;10.60000038
1332.099976;9.5
1198.5;9.100000381
1102.599976;8.800000191
1132.099976;8.899999619
1173.800049;9.100000381
1162;9
1097.800049;8.699999809
1282.5;9.300000191
1327.900024;9.5
1336.199951;9.399999619
1315.5;9.399999619
1392.599976;9.699999809
1427;9.600000381
1440.400024;9.600000381
1433.599976;9.699999809
1459.099976;9.800000191
1203.400024;9.100000381
1235.5;9
1411.300049;9.600000381
1131.199951;8.600000381
1375.199951;9.600000381
1256.900024;9.300000191
1431.900024;9.800000191
1186.599976;8.899999619
1339;9.399999619
1442.099976;9.699999809
1026.099976;8.600000381
994.7000122;8.300000191
1033.400024;8.399999619
960.2000122;8.300000191
811.7999878;7.699999809
733.0999756;7.300000191
1176.300049;9.199999809
1181.5;9
995.2000122;8.399999619
806.0999756;7.5
786.7999878;7.699999809
804.4000244;7.900000095
600.7999878;6.800000191
618;6.900000095
453.6000061;6.300000191
567.5999756;7
430.5;6.099999905
244.1000061;4.900000095
335.1000061;5.300000191
194.8000031;5
80;3.799999952
42.09999847;3.599999905
44.29999924;3.200000048
92.80000305;4.300000191
-18.60000038;2.5
-17.29999924;2.200000048
-17.89999962;3
-17.5;2.299999952
-18.60000038;2.700000048
-16.39999962;2.099999905
-18.60000038;2.200000048
-2.200000048;3
-2.299999952;3.299999952
-18.29999924;3.099999905
-17.39999962;2.099999905
-16.79999924;1.5
-17.39999962;1.899999976
3.400000095;3.599999905
-12.80000019;2.799999952
152.3999939;4.099999905
15.60000038;3.299999952
-15;2.599999905
39;3.400000095
42;3.5
-17.10000038;2.799999952
-16.79999924;2.200000048
-16.60000038;2.799999952
-18.10000038;2.900000095
-17.5;2.700000048
-17.5;2.5
-16.70000076;2.599999905
672.0999756;6.599999905
700.5999756;7.099999905
404.5;5.599999905
264.5;5
546.0999756;6.5
330.7000122;5.300000191
281.1000061;5.099999905
102.6999969;3.900000095
-10.89999962;2.599999905
63.59999847;3.299999952
141.3000031;4.099999905
446.3999939;6
608.0999756;6.699999809
460.7000122;6.199999809
717.0999756;7.5
891.7000122;8.199999809
1042.800049;8.600000381
1297.5;9.399999619
1135.400024;8.699999809
1762;10.69999981
1697.099976;10.5
1787;10.89999962
1486.800049;9.800000191
1293.800049;9.399999619
1243.300049;9.300000191
1316.199951;9.399999619
1245.400024;9.199999809
1134.800049;8.899999619
1321.800049;9.5
1411.599976;9.600000381
1672.099976;10.19999981
1741.199951;10.60000038
1340.199951;9.600000381
1101.5;8.899999619
1157.699951;9.100000381
987.0999756;8.5
531.0999756;6.699999809
394.7000122;5.800000191
112.5999985;3.900000095
175.3000031;4.5
149.3000031;4.400000095
174.6000061;4.5
176.3999939;4.5
263.2000122;5
228.1000061;4.800000191
158.1000061;4.400000095
238.6999969;5
387.8999939;6
697.4000244;7.5
785.7000122;7.900000095
577.0999756;7.099999905
479.5;6.300000191
535.4000244;6.699999809
525.9000244;6.699999809
894.7000122;8.300000191
857;8
761.5;7.400000095
921.0999756;8.100000381
1040.900024;8.5
859;7.699999809
984.9000244;8.300000191
1148.900024;8.600000381
1068.699951;8.399999619
1189.900024;8.5
1708.900024;10.19999981
1461.5;9.5
1304.300049;9.399999619
1625;10.10000038
1619.199951;10.19999981
1689.400024;10.30000019
1709.800049;10.30000019
2098.899902;11.60000038
2406.5;12.80000019
1862.099976;11.10000038
1804.900024;10.69999981
1529.800049;10
1787.300049;10.69999981
1665.599976;10.30000019
1804.300049;10.39999962
1900.099976;10.60000038
1864.400024;11
2107.100098;11.60000038
1876.099976;10.89999962
1767.599976;10.5
1700.599976;10.5
1210.5;9
1346.199951;9.600000381
1317.599976;9.399999619
1572.300049;9.899999619
2165.600098;11.89999962
2195.699951;11.69999981
1969;11.30000019
1975.599976;11.39999962
1922.800049;11.19999981
1678.099976;10.5
1572.400024;10.10000038
1259.300049;9.100000381
1399.900024;9.699999809
1251.599976;9.199999809
1281.300049;9.100000381
1342;9.600000381
981.5999756;8.100000381
836.7000122;7.699999809
889.0999756;8
810.2999878;7.800000191
574.5;6.5
624.0999756;7
523.5999756;6.599999905
433.8999939;6.199999809
241.6000061;4.900000095
373.3999939;5.699999809
172.1999969;4.900000095
393.1000061;5.900000095
177.3999939;4.900000095
71.19999695;4.099999905
31.89999962;4.400000095
173.1000061;4.599999905
471;6.5
134.8000031;4.300000191
245.6999969;5.199999809
108.3000031;4
18.39999962;3.799999952
102.4000015;4
-13.39999962;3.099999905
92.30000305;3.900000095
193.8999939;4.5
-4.300000191;3.299999952
116.0999985;4.099999905
104.0999985;4
44.29999924;3.700000048
454.7000122;6.400000095
468.1000061;6.199999809
160.6000061;4.300000191
5.800000191;3.599999905
535.5999756;6.699999809
333.3999939;5.5
111;4.199999809
51.40000153;3.700000048
164;4.599999905
266.1000061;5.099999905
156.1999969;4.5
89.69999695;4.099999905
219.6000061;4.900000095
366.3999939;5.599999905
561.7000122;6.699999809
647.0999756;7.300000191
284.2999878;5.199999809
239.5;4.900000095
281.7999878;5.099999905
503.8999939;6.099999905
1033.800049;8.399999619
1320.599976;9.399999619
1154.800049;9.100000381
951.4000244;8.300000191
1072;8.899999619
1422.699951;9.800000191
1389.099976;9.600000381
1614.400024;10.10000038
1647.400024;10.19999981
1482.199951;10.10000038
1354.300049;9.699999809
1254.400024;9.300000191
837.5999756;8
905;8.399999619
770.7999878;7.5
975.7000122;8.5
1423.5;9.800000191
1869;11
1691.800049;10.69999981
1692.5;10.5
1767.699951;10.5
1561.800049;10
1400.599976;9.699999809
1590;10.39999962
1503.599976;10.30000019
1622.599976;10.5
1676.099976;10.69999981
1767.199951;10.69999981
1692;10.30000019
1496.5;9.800000191
1658.199951;10.30000019
2011.099976;11.80000019
1747.400024;10.69999981
1730.099976;10.69999981
1602.599976;10.19999981
1297.800049;9.399999619
1572.699951;10.19999981
1252.800049;9.199999809
1224.300049;9.199999809
886.2000122;8.199999809
306.5;5.099999905
30.79999924;4.099999905
163.1000061;4.5
49.29999924;3.700000048
-13.10000038;3.400000095
247.1000061;5.099999905
438.2999878;5.900000095
441.5;6
577.2000122;6.599999905
874.7999878;7.900000095
1049.199951;8.699999809
1109.900024;9.100000381
1040.900024;8.5
690.5999756;7.400000095
483.6000061;6.099999905
829.2000122;7.699999809
1302.699951;9.300000191
1395.800049;9.699999809
1350.900024;9.5
1289;9.399999619
1420.300049;9.899999619
1545;9.899999619
1784;10.80000019
1159.699951;8.800000191
1282.900024;9.199999809
1518.400024;10
1819;10.5
1950;10.89999962
2110.699951;11.39999962
2108.899902;11.30000019
1901.099976;11.19999981
1878.400024;10.69999981
1680.300049;10.30000019
1352.199951;9.399999619
1443.900024;9.699999809
1057.699951;8.399999619
1207.599976;9.100000381
1317.699951;9.5
1308.300049;9.300000191
1227;9
1366.300049;9.600000381
1831.400024;10.69999981
1713.300049;10.69999981
1763.300049;10.69999981
2213;11.80000019
1635.599976;10.30000019
1541.099976;10.30000019
1254.099976;9.100000381
1519.300049;10
1518.300049;10.10000038
1277.900024;9.399999619
804.5999756;7.699999809
824.9000244;7.699999809
846.5999756;7.699999809
917.7999878;8.100000381
801.5;7.800000191
580.2999878;7
664.7999878;7.099999905
598.5999756;6.900000095
415.1000061;6.400000095
543.7000122;6.699999809
624.7000122;7
458;6.5
551.5999756;6.5
535.5;6.699999809
307.5;5.400000095
532.7999878;6.5
336.6000061;5.5
354.7000122;5.800000191
146.6000061;4.300000191
460.8999939;6.400000095
461;6.099999905
120.8000031;4.5
300;5.5
430.8999939;6.199999809
386.2999878;6
498;6.5
471.7000122;6.5
313.5;5.400000095
331.2999878;5.800000191
411.3999939;6
223.3999939;5.300000191
371;5.699999809
341.7999878;5.5
516;6.699999809
226.6000061;4.900000095
434.5;6
371.2999878;5.699999809
219.1000061;4.900000095
269.8999939;5.099999905
420.6000061;6.099999905
362.2000122;5.5
578.2000122;6.699999809
282.7000122;5.300000191
541.5999756;6.800000191
618.5;7.099999905
453.5;6.300000191
816.4000244;7.800000191
783.7999878;7.699999809
617.5;6.900000095
791.5999756;7.800000191
1006.099976;8.5
838;7.800000191
987.2000122;8.5
912.9000244;8
926.0999756;8.300000191
933.9000244;8.600000381
830.4000244;8.100000381
889.2000122;8.100000381
976.2999878;8.399999619
1036;8.5
805.9000244;8.100000381
974.4000244;8.300000191
1255.199951;9.399999619
1340.199951;9.600000381
1373;9.600000381
1330.400024;9.600000381
1217.599976;9.199999809
1060.300049;8.800000191
1088.599976;8.600000381
1537.900024;10
1628.400024;10.19999981
1645.400024;10.39999962
1648.699951;10.10000038
1856.599976;11
1626;10.39999962
1658.099976;10.39999962
1465.800049;10
1576.800049;10.30000019
1659.400024;10.5
1487.5;9.899999619
1505;10
1755.099976;10.69999981
1770.900024;10.80000019
1925.400024;11.19999981
1982.199951;11.5
2166;11.80000019
2343.600098;12.60000038
2548.800049;13.5
2678.899902;14
2474.699951;13
2340.300049;12.60000038
2397.300049;12.80000019
2358.899902;12.60000038
2437.600098;12.39999962
2326;12.5
2310.5;12.5
2296.699951;12.60000038
2184.800049;12.10000038
1943.400024;11.30000019
1873.5;11.39999962
1718.400024;10.80000019
2304.199951;12.5
2322.399902;12.80000019
1825;11
1700.5;10.80000019
1331.300049;9.5
1192.199951;9.100000381
1215;8.800000191
1417.199951;9.199999809
1269.099976;9.199999809
1052.400024;8.600000381
744.9000244;7.5
952.2999878;8.5
946.0999756;8.399999619
573.9000244;6.800000191
745.9000244;7.699999809
1082;8.899999619
1281.699951;9.300000191
1547.400024;10.10000038
1729.800049;10.39999962
1630.199951;10.10000038
980.5999756;8.300000191
1209.900024;9.100000381
1450.699951;9.699999809
1268.300049;9.399999619
1125.900024;8.699999809
962.2999878;8.300000191
937.7999878;8.100000381
1093.5;8.600000381
1502.800049;9.800000191
1555.199951;10
1338.699951;9.399999619
1117.400024;8.699999809
1300.699951;9.300000191
1914.400024;11.19999981
1570.900024;10.19999981
1702.099976;10.39999962
1456;9.699999809
1666.5;10.5
1961.800049;11.30000019
1802.099976;10.89999962
1908.5;10.89999962
1753.800049;10.69999981
1761.699951;10.80000019
1288.599976;9.199999809
1154.599976;8.899999619
867.5;8.100000381
1004.700012;8.399999619
726.5;7.400000095
795;7.699999809
646.2000122;7.199999809
603.0999756;6.800000191
501.2000122;6.400000095
496.8999939;6.5
449.7999878;6.199999809
339.3999939;5.599999905
313.7999878;5.599999905
330.5;5.699999809
275.1000061;5.400000095
310.5;5.199999809
126.0999985;4.400000095
211.8000031;5
196.3000031;4.699999809
-20.5;2.700000048
261.1000061;5.300000191
287.7999878;5.099999905
113.5999985;4.199999809
251.8000031;5.199999809
72;4
-10.89999962;3.400000095
96.80000305;4.400000095
164.6000061;4.400000095
459.8999939;5.900000095
-17.5;3.099999905
369.7999878;5.900000095
167.6000061;4.5
254.5;5.199999809
23.60000038;3.400000095
378.1000061;6.099999905
90.90000153;4.099999905
254.3999939;5.199999809
456.2999878;6.599999905
286.3999939;5.099999905
451.5;6
269.6000061;5
289.2999878;5.599999905
203.8999939;4.599999905
281.2999878;5.300000191
227;5
314.1000061;5.199999809
757;7.5
809.5999756;7.800000191
483.3999939;6.699999809
583.5999756;7.099999905
800.5;7.699999809
804.5;7.900000095
655.5;7.199999809
751.7999878;7.699999809
762.5;7.800000191
906.7999878;8.300000191
972.5;8.399999619
987.2999878;8.600000381
1402.900024;9.899999619
1400.400024;9.699999809
1315.800049;9.600000381
1411.599976;9.699999809
1357.400024;9.699999809
1323.699951;9.399999619
1458.199951;9.800000191
1914.300049;11.19999981
1834.199951;10.89999962
2216.699951;12.5
2231.600098;12.60000038
2019.699951;11.69999981
1974.800049;11.60000038
1854.900024;11.30000019
2027.5;11.89999962
1933.699951;11.80000019
2122.899902;12.60000038
2122.300049;12.19999981
2111.600098;12.39999962
1938.800049;12.19999981
1654.599976;10.89999962
1866.599976;11.89999962
1612.5;10.80000019
1451.099976;9.899999619
1784.300049;11.10000038
2096.100098;12.10000038
2013.099976;12
1875.800049;11.30000019
1849.599976;11.39999962
1886.400024;11.19999981
1917.900024;11.39999962
1894.400024;11.10000038
1763.699951;10.80000019
1334.300049;9.300000191
1784.699951;11
1715.300049;10.69999981
1494.300049;10.19999981
1798.599976;11.10000038
1848.199951;11.19999981
1872;11.30000019
2045;11.89999962
2100.800049;12
2163.5;12.19999981
2087.699951;12.10000038
2265.600098;12.60000038
2278.199951;12.5
2252.600098;12.19999981
2323.600098;12.5
2254.699951;12.19999981
2368.899902;12.80000019
2315;12.80000019
2152.199951;12.30000019
1754.599976;11.10000038
1354.900024;9.800000191
1283.099976;9.600000381
1088.699951;8.899999619
1125.699951;8.899999619
1102.099976;9
1178.800049;9.199999809
1042;8.800000191
847.7000122;8.199999809
837.7000122;8
817.0999756;7.900000095
748.7999878;7.699999809
604.4000244;6.900000095
645.9000244;7.400000095
741.9000244;7.699999809
845.2000122;7.900000095
1143.599976;8.899999619
1298.099976;9.399999619
1450.800049;9.699999809
1536.800049;9.899999619
1787.599976;10.69999981
1575.199951;10
1219.199951;9.199999809
1226.199951;9.100000381
1208;9.100000381
1006.099976;8.5
709;7.599999905
658.5999756;7.199999809
800.7999878;7.800000191
646.5;7
793.7000122;7.699999809
680.2999878;7.099999905
261.2999878;5.300000191
238.1999969;5.199999809
258.7000122;5.099999905
298.6000061;5.300000191
295.2999878;5.400000095
531.0999756;6.5
709.0999756;7.099999905
262;5.300000191
639.5999756;7.099999905
248.1999969;5
353.5;5.900000095
421.8999939;6.300000191
557.7999878;6.699999809
335.1000061;5.699999809
252.3999939;5
123.9000015;4.699999809
423.3999939;5.900000095
136.5;4.5
221.8999939;5
329.8999939;5.599999905
88.80000305;4.199999809
91.09999847;4.199999809
125;4.199999809
101.8000031;4.199999809
57.70000076;3.799999952
426.2999878;6
34.5;3.599999905
88.5;3.799999952
94.19999695;4
19.5;2.900000095
63.59999847;4.099999905
-17.79999924;2.700000048
-18;2.700000048
25.60000038;3.400000095
-7.5;2.700000048
-16.20000076;2.299999952
-6.900000095;3
88.80000305;3.900000095
21.29999924;3.799999952
46;3.299999952
110.1999969;4
12.39999962;3.299999952
-17.10000038;3.099999905
-2.099999905;3.700000048
5.199999809;3.299999952
31.79999924;3.200000048
196.3999939;4.599999905
205.6999969;4.699999809
407.2000122;6.099999905
520.7999878;6.699999809
516.5;6.5
739.7999878;7.699999809
737.4000244;7.800000191
982.2999878;8.5
803.0999756;7.900000095
1019;8.5
1084.900024;8.5
1279.300049;9.300000191
1199.699951;8.899999619
693.0999756;8
-18.29999924;6.900000095
-17.29999924;8.5
-17.29999924;8.899999619
-17.39999962;8.600000381
-17.29999924;8.5
-17.29999924;7.400000095
-17.20000076;7.199999809
-17.79999924;7.5
-17.29999924;8.399999619
-17.5;8.600000381
-17.5;8.699999809
-17.39999962;8.5
-17.60000038;9.399999619
-17.70000076;10.39999962
-17.70000076;9.800000191
-17.60000038;9.899999619
-17.39999962;9.100000381
-16.70000076;9.5
-16.70000076;9.699999809
-16.89999962;10.19999981
-17;10.10000038
-17;9.800000191
-17;9.5
-16.89999962;8.899999619
-17;9
-17.20000076;9.199999809
-17;8.600000381
-17.10000038;8.199999809
-17.29999924;9.199999809
-18;7
-18.29999924;4.699999809
-17.79999924;4.699999809
-17.70000076;4.599999905
-17.29999924;4.599999905
-18.60000038;3.599999905
-17.89999962;5.199999809
-16.70000076;5.5
-16.79999924;6.599999905
-16.79999924;7.800000191
-16.39999962;8.199999809
-16.39999962;8.199999809
-17.10000038;7.400000095
-17.20000076;6
-17.60000038;5.199999809
-17.70000076;5.5
-17.29999924;6.199999809
-17.5;6.599999905
-17.10000038;6.199999809
-17.10000038;5.900000095
-17.10000038;5.599999905
-17.10000038;6
-16.5;6.199999809
-16.20000076;6.599999905
-16.70000076;6.5
-16.20000076;6.800000191
-16.5;6.599999905
-16.70000076;7.099999905
-16.29999924;6.900000095
-16.20000076;7.199999809
-16.20000076;7.300000191
-16.10000038;7.599999905
-16.20000076;7.5
-16.39999962;6.800000191
-16.70000076;6
-16.20000076;5
-16.79999924;4.800000191
-17.5;4.900000095
-16.60000038;5.400000095
-16.39999962;6
-17;6
-16.79999924;6.300000191
-16.5;6.099999905
-16.70000076;5.800000191
-17.20000076;4.900000095
-18.10000038;4.599999905
-17.79999924;5.099999905
-16.79999924;5.400000095
-16.20000076;5.800000191
-16.70000076;5.599999905
-18.29999924;5.900000095
512;7.199999809
875.5999756;7.699999809
788.2999878;7.400000095
886.2999878;7.800000191
852.0999756;7.900000095
999.5999756;8.300000191
1041.099976;8.5
644.2999878;7.099999905
611.4000244;6.800000191
696.0999756;7.099999905
659.5999756;7.199999809
486.7000122;6.599999905
604.2999878;6.800000191
584.5;6.800000191
392.5;5.900000095
729;7.400000095
412.3999939;6.400000095
469.2000122;6.400000095
217;4.400000095
440.7999878;5.800000191
164;4.400000095
365.7999878;5.900000095
214.5;4.800000191
112.5;4.300000191
452;6.099999905
271.5;5.300000191
153.3999939;4.599999905
159.5;4.5
171.1999969;4.400000095
283.2999878;5
284;5.199999809
396.2999878;5.699999809
244;5.400000095
281.3999939;5.5
22.39999962;3.400000095
653.7000122;6.900000095
116.3000031;3.900000095
96.59999847;4.099999905
446.2000122;6.199999809
256.2999878;5
296;5.300000191
371.1000061;5.699999809
385.2000122;5.699999809
533.0999756;6.599999905
791.0999756;7.800000191
846.7999878;7.800000191
614.0999756;6.800000191
812.7000122;7.699999809
602.7999878;7
668.2999878;7.199999809
1031.900024;8.5
1051.099976;8.800000191
795.7000122;7.699999809
829.7999878;7.699999809
936.4000244;8.100000381
716;7.199999809
571;6.800000191
805.2999878;7.599999905
793.0999756;7.900000095
821.9000244;7.800000191
992.0999756;8.699999809
1129.099976;9
1141.900024;9
1082.400024;8.800000191
930;8.300000191
818.5999756;7.800000191
952.4000244;8.100000381
482.7000122;6.300000191
825.9000244;7.599999905
1422;9.699999809
1630;10.30000019
1792.300049;10.60000038
1830.300049;10.89999962
1578.400024;10.10000038
1492.099976;9.800000191
1225.5;9.300000191
1444;10
1846.900024;11.19999981
2127.600098;12.19999981
2139.699951;12.30000019
1931.099976;11.39999962
1871.199951;11.39999962
1753.199951;11
1568.5;10.5
1506.699951;10.39999962
1721.699951;10.89999962
1835.300049;11.30000019
1987.400024;11.5
1911.199951;11.30000019
2052.300049;11.30000019
1853.099976;10.89999962
1099.699951;8.399999619
662.9000244;6.900000095
651;6.800000191
797.2999878;7.699999809
783;7.5
1280.800049;9.300000191
1295.599976;9.600000381
1073.699951;8.800000191
848.2000122;8
847.5;7.800000191
921.7999878;8
786.5999756;7.599999905
601.2999878;6.900000095
782.2999878;7.599999905
874.7000122;8
925.4000244;8.199999809
1092.199951;8.800000191
1114.099976;8.800000191
1158.900024;9
893.4000244;8.100000381
759.4000244;7.699999809
1173.5;9
903.7000122;8.199999809
640.4000244;6.900000095
789.2999878;7.5
932.2999878;8
1344.699951;9.600000381
1163.400024;9
1094.199951;8.5
1323.699951;9.399999619
1441;9.800000191
1544.400024;10
1293.599976;9.399999619
1599.800049;10.10000038
2013.800049;11.39999962
1722.099976;10.30000019
1682.5;10.19999981
1877.5;10.69999981
1869;10.5
2013.400024;11.10000038
2553.399902;12.80000019
2369.899902;12.39999962
2543.399902;13
2429.800049;12.69999981
2437;12.69999981
2324.899902;12.39999962
1773.699951;10.69999981
2290.800049;12.5
1658.5;10.30000019
2099.600098;11.5
1773.5;10.5
1989.5;11.39999962
2209.699951;11.89999962
1747.400024;10.5
1730.099976;10.39999962
1513.5;10.10000038
1611.800049;9.899999619
2234.300049;12.30000019
1942.199951;11.10000038
1842.400024;10.69999981
1337;9.399999619
1642.599976;10.30000019
1618.599976;10.19999981
1868.900024;11
1600.199951;10.10000038
1719.099976;10.69999981
1441;9.5
1449.900024;9.699999809
1160.5;8.899999619
1354.400024;9.5
941.9000244;8
1241.400024;9.100000381
781.5999756;7.599999905
862.4000244;8
1054.300049;8.5
768.2000122;7.699999809
515.5;6.699999809
565.5;6.800000191
444.8999939;6.300000191
533.7999878;6.599999905
201.6999969;4.599999905
408.5;5.699999809
336.7000122;5.5
438.8999939;5.900000095
514.4000244;6.5
388.5;5.900000095
342;5.400000095
299.2999878;5.699999809
592.2000122;6.900000095
451.7000122;6
258.2999878;5.199999809
230.6999969;5.099999905
273.5;5.400000095
759.2999878;7.5
360.7000122;5.800000191
335.7000122;5.300000191
392.5;5.599999905
267.6000061;5.300000191
57.70000076;3.799999952
452.2999878;6.199999809
169.6000061;4.5
277.7000122;4.900000095
169.8000031;4.400000095
820.5;7.699999809
796.2999878;7.699999809
638.5999756;7
727;7.5
674.5999756;7.099999905
818.2000122;7.900000095
587.5999756;6.800000191
413.2000122;5.699999809
454.5;6.199999809
396.5;5.800000191
550;6.699999809
698.7999878;7.5
805.0999756;8
924.9000244;8.300000191
637.7999878;7.300000191
850.2999878;8.199999809
863;8.199999809
978.2000122;8.5
919.5999756;8.300000191
735.9000244;7.599999905
930.2999878;8
1000.400024;8.600000381
1103.800049;8.899999619
1169.5;9
1322.199951;9.5
1371.599976;9.800000191
1339.800049;9.600000381
1366.699951;10
1534.400024;10.39999962
1680.099976;10.60000038
1755.199951;10.80000019
1761.199951;10.80000019
1674.599976;10.5
1557.099976;10.19999981
1419.800049;9.800000191
1770.099976;11.10000038
1657;10.80000019
1676.699951;10.80000019
1784.5;11.30000019
1913.5;11.30000019
1877.699951;11.19999981
1831.800049;11
1991.300049;11.19999981
2315.199951;12.5
1691.599976;10.60000038
1997.099976;11.30000019
2053.899902;11.60000038
2217.699951;12.30000019
2196;12.19999981
2028.300049;11.69999981
2235.600098;12.39999962
1979.699951;11.39999962
1583.699951;10.10000038
1930.699951;11.10000038
2056.100098;11.69999981
1770.199951;10.69999981
1421.900024;9.5
1307.199951;9
1444.699951;9.600000381
1945.800049;10.80000019
1698.400024;10.39999962
1921.800049;10.89999962
2245.5;12.10000038
2275.5;12
2370.5;12.19999981
2573.399902;12.89999962
2519.600098;13.39999962
2301.300049;11.89999962
2284.199951;12.19999981
2411.5;12.5
2352.699951;12.39999962
2273.199951;12.39999962
2519.100098;12.89999962
2551.699951;13.80000019
2486.100098;13.69999981
2644.699951;14.10000038
2942.600098;15.10000038
2852.399902;14.80000019
2573;13.69999981
2184.199951;12.10000038
2038;11.60000038
2142.5;11.69999981
1776.900024;10.60000038
1651.099976;10.39999962
1699.699951;10.39999962
1953.099976;11.19999981
1982;10.89999962
1968.900024;11.19999981
1781.099976;10.60000038
1707.900024;10.30000019
1861.900024;10.89999962
1447.099976;9.800000191
1235.599976;9.100000381
1475.699951;9.800000191
1476.400024;9.899999619
1346.400024;9.5
1202.400024;9.199999809
1302;9.199999809
1096.099976;8.800000191
948.2999878;8.100000381
685.5999756;7.5
698.0999756;7.199999809
478.8999939;6.400000095
510.7999878;6.5
221.1000061;4.900000095
280.8999939;5.400000095
114;4.199999809
165;4.599999905
184.1999969;4.800000191
72.59999847;4.099999905
115.1999969;4.400000095
103.5;4.099999905
8;3.700000048
106.0999985;4.099999905
-23.70000076;3.200000048
-8.600000381;2.900000095
-19.89999962;3.200000048
-18;3
-11.19999981;3.299999952
-17.29999924;2.599999905
39.5;3.5
-17.60000038;2.099999905
-19.70000076;3.700000048
10.39999962;3.799999952
-19;3.099999905
28.10000038;3.299999952
33;3.900000095
95.90000153;4.099999905
52.59999847;3.299999952
-16.60000038;2.5
-18.79999924;2.799999952
-5.300000191;3.799999952
99.90000153;4
-11.80000019;3.299999952
67.59999847;4.099999905
-10.69999981;3
-15.89999962;1.600000024
-17.20000076;2.5
-20.20000076;3.299999952
22.79999924;3.200000048
292.5;5.5
420.5;6.099999905
52.5;3.700000048
172.3000031;4.5
179.5;4.5
44.09999847;3.400000095
115.6999969;4.400000095
15.69999981;3.5
31;3.599999905
56.09999847;3.700000048
53.5;3.700000048
-17.79999924;2.799999952
-17.29999924;2.400000095
-16.79999924;1.899999976
-16.89999962;2.200000048
-17.89999962;2.700000048
-16.89999962;2.200000048
-17;1.799999952
-16.89999962;2.099999905
-16.70000076;1.399999976
-16.79999924;1
-17.39999962;0.899999976
-17.20000076;2.200000048
-17.79999924;2.900000095
-21.10000038;2.799999952
51.70000076;3.599999905
111.9000015;4.300000191
167.6000061;4.5
331.5;5.699999809
232.3000031;5.099999905
80.59999847;3.900000095
177.6000061;4.5
318.7999878;5.599999905
369.1000061;5.800000191
479.7999878;6.5
561.4000244;6.900000095
630.7000122;7.099999905
769.5;7.900000095
740.2999878;7.699999809
710.2000122;7.5
538.9000244;6.900000095
407.2999878;6.5
343.8999939;5.800000191
343.5;5.400000095
278.6000061;5.300000191
76.69999695;3.900000095
200.5;4.599999905
421.2000122;6
320.7999878;5.699999809
313.3999939;5.599999905
277.3999939;5.300000191
204.5;4.5
205.1000061;4.5
545.2000122;6.599999905
837.7000122;7.800000191
1535.099976;10
1274;9.399999619
801.7999878;8
937.7999878;8.399999619
1006.799988;8.699999809
1083.300049;9
1139.099976;9.100000381
1396.800049;9.800000191
1444.400024;9.899999619
1500.199951;10.30000019
1274.800049;9.399999619
844.5;8
684.5999756;7.400000095
561.4000244;7.099999905
428.7999878;6.300000191
302.5;5.400000095
316.7000122;5.400000095
226.6000061;5
109.3000031;4.199999809
117.6999969;4.099999905
91.5;4
202.3999939;4.599999905
258;5.199999809
323.7000122;5.400000095
297.6000061;5.300000191
165;4.400000095
193.1999969;4.800000191
191.6000061;4.599999905
268.2000122;5.199999809
276.7000122;5.300000191
478.6000061;6.300000191
445.3999939;6.300000191
639.7999878;7.099999905
686.2000122;7.199999809
568;6.699999809
524.2999878;6.5
798.7000122;7.699999809
777;7.5
714.5999756;7.5
631.2999878;7.099999905
467.5;6.400000095
392.2000122;5.699999809
402.6000061;5.800000191
518.5999756;6.699999809
440;6.099999905
292.2999878;5.199999809
269.5;5.199999809
256.7000122;5
237.3999939;5
113.6999969;4.099999905
216.6999969;4.800000191
130;4.099999905
151.8000031;4.5
92.09999847;4
120.1999969;4.400000095
-3.400000095;3.400000095
-7.800000191;3.299999952
12.89999962;3.200000048
-17.29999924;2.299999952
53.90000153;3.599999905
17.29999924;3.299999952
10.80000019;3.900000095
-19.89999962;2.700000048
-18.70000076;2.799999952
-19.29999924;2.799999952
-16.79999924;2.200000048
-0.300000012;2.799999952
-15.69999981;3.099999905
-18.39999962;2.700000048
-17.60000038;2.299999952
12;3.400000095
-18.70000076;2.5
-16.70000076;1.899999976
45.70000076;5.099999905
102.4000015;4
63.5;3.700000048
30.89999962;3.299999952
0;3.299999952
-18.89999962;3.200000048
-17.20000076;1.700000048
-19.60000038;2.799999952
-17.39999962;2.599999905
150.6999969;4.800000191
8.699999809;5.599999905
-24.70000076;5
-23.10000038;4.699999809
-13.39999962;2.900000095
-17.10000038;2.099999905
-17.29999924;2.200000048
-17.39999962;2.099999905
-16.79999924;2.599999905
-17.89999962;1.899999976
-16.89999962;1.899999976
-17.79999924;2.799999952
-18.20000076;2.900000095
-18.79999924;2.900000095
-17;3.099999905
-16.89999962;2.599999905
-16.29999924;2.599999905
-17.10000038;2.400000095
-16.5;2.700000048
-17.10000038;1.899999976
-16.79999924;1.600000024
-22;5.099999905
-17.29999924;2.400000095
-16.60000038;1.299999952
-17.79999924;2.200000048
-16.60000038;1.600000024
-18.29999924;2.599999905
-16.89999962;1.600000024
-17;2.200000048
-17.39999962;2.599999905
-18.70000076;2.599999905
-16.89999962;1.700000048
-16.89999962;1.899999976
-17.39999962;2.700000048
50.59999847;3.400000095
320.6000061;5.300000191
310.1000061;5.199999809
395.3999939;5.900000095
487.8999939;6.400000095
439.3999939;6.099999905
290.7000122;5.300000191
212.1999969;4.599999905
7.400000095;3.200000048
-8.5;3.400000095
-18.20000076;2.5
-16.79999924;1.600000024
-17.29999924;2.400000095
-15.60000038;1.600000024
-15.80000019;2
-16.10000038;1.5
-16.10000038;1.899999976
-16.5;2
-16.60000038;1.600000024
-16.10000038;2
-14.69999981;3.200000048
2.700000048;3.099999905
61.29999924;3.5
308.2000122;5.199999809
528.2999878;6.5
316.5;5.300000191
309.7000122;5.400000095
283;5.199999809
601.7000122;7.099999905
282.7999878;5.199999809
86.90000153;3.700000048
4.199999809;3.200000048
26.79999924;3.700000048
-18.10000038;3
-16.79999924;2.599999905
-16.89999962;2.700000048
123.0999985;4
429;6
488.3999939;6.5
540.7999878;6.599999905
532.7000122;6.300000191
631.7000122;6.800000191
502.2999878;6.199999809
770.7000122;7.5
672;7.199999809
534.7000122;6.599999905
561.7999878;6.5
482.8999939;6.300000191
461.3999939;6.199999809
367.1000061;5.400000095
1076.900024;8.600000381
1210.300049;9.100000381
987.2000122;8.300000191
757.2000122;7.5
737.2000122;7.400000095
539.5999756;6.5
751.7999878;7.400000095
315.1000061;5.199999809
372.7999878;5.599999905
511.6000061;6.400000095
994.0999756;8.399999619
1106.300049;8.699999809
1069.199951;8.399999619
1326.599976;9.5
1324.599976;9.5
1396.699951;9.5
1277.900024;9.199999809
1098.5;8.399999619
1262.599976;9.199999809
925.2999878;7.900000095
1038.599976;8.5
673.9000244;6.900000095
700.5;7.199999809
693.5;7.400000095
891.9000244;7.900000095
685.9000244;7.300000191
814.7000122;7.5
738.7000122;7.599999905
777.7000122;7.699999809
867.0999756;8
423;6
555.7999878;6.5
485.2000122;6.199999809
528.2000122;6.599999905
394.1000061;5.800000191
358.2999878;5.800000191
245.6000061;4.900000095
274.2000122;5.099999905
197.3000031;4.699999809
207.6999969;5
33.40000153;3.700000048
174.8000031;4.800000191
67.30000305;3.799999952
135.1999969;4.099999905
36.29999924;3.799999952
46.59999847;3.599999905
82;3.599999905
60.09999847;3.900000095
126.0999985;4.099999905
-17.20000076;2.400000095
43.59999847;3.900000095
65.80000305;3.400000095
-18.89999962;3
34.40000153;3.5
172.6000061;4.599999905
80.09999847;4.099999905
-18.79999924;3.200000048
116.5;4.099999905
-18.39999962;3
11.19999981;3.5
21;3.200000048
-18;2.799999952
-16.79999924;1.899999976
-19.5;2.900000095
5.099999905;3.299999952
61.70000076;2.700000048
66.69999695;4.099999905
223.6000061;4.800000191
108.6999969;4
-12.89999962;2.599999905
-16.79999924;2.400000095
-17;1.899999976
-17.10000038;1.899999976
67.80000305;3.700000048
-19.5;2.200000048
-6.300000191;3
170.5;4.300000191
88.30000305;3.799999952
-10.10000038;3.299999952
-17.20000076;2.799999952
-16.79999924;2.700000048
-16.70000076;2.5
-16.70000076;2.099999905
-18.10000038;3
-17.39999962;3.099999905
-17.20000076;2.700000048
185.6000061;4.699999809
330.5;5.599999905
337.7999878;5.699999809
299.5;5.199999809
325.5;5.5
375.2999878;5.800000191
489.5;6.300000191
758.7999878;7.699999809
681.0999756;7.199999809
843.0999756;7.900000095
993.5999756;8.600000381
1016.5;8.699999809
647.0999756;7.099999905
684.9000244;7.199999809
665.0999756;7
665.4000244;7.099999905
608.7000122;6.699999809
641.5;7.199999809
684.0999756;7.5
650.2000122;7.199999809
701.2999878;7.5
547;6.900000095
668.5999756;7.300000191
875.0999756;8.100000381
814.5999756;7.900000095
873.5;8.100000381
1074.599976;8.899999619
1240.699951;9.399999619
1324.599976;9.5
767.5999756;7.400000095
256.7999878;4.900000095
179.5;4.199999809
330.7000122;5.199999809
208;4.599999905
261.5;5.099999905
475.6000061;6.400000095
354.6000061;5.699999809
300.5;5.400000095
400.2000122;5.900000095
455.7000122;6.199999809
353;5.5
373.7000122;5.599999905
423;6
444.3999939;6.300000191
599;6.900000095
569.9000244;6.800000191
649.2999878;7.199999809
684.7999878;7.300000191
771.4000244;7.900000095
660.2000122;7.300000191
607.2000122;6.800000191
600.5;7.199999809
566.5999756;6.699999809
524.7999878;6.5
697.5;7.199999809
1108.400024;8.800000191
1267.199951;9
1119;8.699999809
1158.400024;8.800000191
1216.900024;8.899999619
1143.5;8.800000191
1030.199951;8.5
976.7000122;8.5
929.9000244;8.399999619
782.5999756;7.800000191
738.0999756;7.699999809
821;7.699999809
888.2000122;8.199999809
1062.400024;8.699999809
1155.199951;8.899999619
1121.300049;8.800000191
737.2000122;7.400000095
633.5999756;7.099999905
532.2000122;6.599999905
983.7000122;8.300000191
595.7000122;6.900000095
570.5;6.800000191
1113.599976;8.600000381
1294.699951;9.399999619
1185.900024;8.899999619
1398.599976;9.600000381
1250.199951;9.199999809
875.7999878;7.900000095
442.3999939;6
1060.900024;8.5
1367.5;9.5
1136.800049;8.699999809
1965.800049;11.39999962
1259.900024;9.300000191
918.7000122;7.900000095
1136.300049;9.100000381
710.5999756;7.199999809
599.4000244;7.599999905
-17.89999962;5.900000095
-18;4.199999809
-19.60000038;4.300000191
-18.10000038;4.599999905
-18.39999962;4.300000191
-17.29999924;3.799999952
-18;4.599999905
-19.29999924;3.900000095
-17.79999924;4.800000191
-17.10000038;4.800000191
-18.10000038;3.900000095
-18.70000076;4.199999809
-18.10000038;4.099999905
-19.79999924;3.700000048
-13.19999981;4.900000095
-6.800000191;4.5
-17.20000076;3.900000095
-15.30000019;2.700000048
-16.39999962;3.099999905
375.1000061;5.900000095
48.40000153;3.799999952
-9.899999619;3.799999952
-0.400000006;4.5
-0.400000006;4.5
-0.400000006;4.5
-0.400000006;4.5
-0.400000006;4.5
-0.400000006;4.5
-0.400000006;4.5
-0.400000006;4.5
-0.400000006;4.5
0;0
-18.5;4.300000191
40.29999924;5.199999809
706.2999878;7.199999809
616.9000244;7
487.6000061;6.5
377.2000122;5.699999809
306.6000061;5.400000095
261.5;4.900000095
154.1000061;4.300000191
182;4.400000095
153.3000031;4.300000191
157.5;4.599999905
182.3999939;4.599999905
141.1999969;4.400000095
141;4.5
195.6000061;4.900000095
182.3999939;5
157;4.400000095
73.19999695;4
-17.20000076;3
-16.89999962;3.099999905
23.70000076;3.099999905
194;4.599999905
145.1000061;3.900000095
115.8000031;3.900000095
7.400000095;2.799999952
-17.20000076;1.200000048
-17.79999924;2.299999952
-17.39999962;1.600000024
-17.29999924;1.299999952
-16.60000038;1.399999976
-16.60000038;1.899999976
-16.29999924;1.100000024
-16.39999962;1.799999952
-16.5;2.400000095
-16.5;1.299999952
-16.60000038;1.299999952
-16.60000038;2.799999952
-16.5;2.599999905
-16.60000038;2.099999905
-16.70000076;1.700000048
-16.79999924;2.200000048
-16.79999924;2.400000095
-21;3
-16.5;2.400000095
-16.20000076;2
-16.29999924;2.799999952
-17.29999924;2.700000048
-16.20000076;2.400000095
106.1999969;4.5
566.2000122;6.800000191
792.9000244;7.900000095
859.2999878;8.199999809
678;7.300000191
650.5999756;7.199999809
157.3999939;4.400000095
217.1000061;4.699999809
630.7999878;6.800000191
1086.400024;8.600000381
1364.699951;9.5
371.7999878;5.5
512.5;6.400000095
402.2999878;5.900000095
125.6999969;4.099999905
19.70000076;3.5
343.6000061;5.699999809
570.4000244;6.900000095
722;7.599999905
943.7000122;8.399999619
937.9000244;8.300000191
792.0999756;7.599999905
694.2000122;7.199999809
855.5999756;7.699999809
536.5999756;6.5
705.4000244;7
422.2999878;5.599999905
265.2999878;4.699999809
168.1000061;4.199999809
409.2999878;5.699999809
530.4000244;6.699999809
392.1000061;5.900000095
162.6000061;4.800000191
233.6000061;5.400000095
428;6.099999905
918.2000122;7.599999905
1308.900024;8.899999619
1288.599976;8.800000191
1132.199951;8.699999809
876.5;7.800000191
1147.699951;8.699999809
806.0999756;7.699999809
788.0999756;7.599999905
968.7999878;8.199999809
798.7000122;7.5
822.4000244;7.800000191
861.7999878;7.800000191
1159.5;8.699999809
1095.099976;8.600000381
1143.699951;8.800000191
909.9000244;8.100000381
842.2000122;7.800000191
829.7000122;7.699999809
703.4000244;7.300000191
491.2999878;6.400000095
417;5.800000191
216.5;4.800000191
100.9000015;3.900000095
337.1000061;5.199999809
235.3000031;4.800000191
138.3000031;4.400000095
184.1999969;4.5
246;4.800000191
243.8000031;4.800000191
106.0999985;4.199999809
196;4.599999905
189.8000031;4.699999809
80.09999847;4
54.09999847;3.5
0.400000006;3
19.5;3.099999905
4.5;3.299999952
38.79999924;3.5
-18.10000038;2.599999905
-8.600000381;3.200000048
71;3.799999952
-17.5;3
8.899999619;3.099999905
58.90000153;3.700000048
20.39999962;3.400000095
17.79999924;3.400000095
162.8999939;4.300000191
-9.199999809;2.700000048
-16.70000076;2.200000048
260.6000061;5
-1.5;2.900000095
205.1999969;4.900000095
206.5;4.599999905
98.59999847;3.799999952
414.1000061;5.900000095
601.7000122;7
502.7000122;6.400000095
576;6.599999905
637.5999756;7
733.2000122;7.400000095
931.7999878;8.100000381
1040.900024;8.5
817.0999756;7.599999905
1251.400024;9.300000191
1047;8.5
1074.5;8.5
1121;8.800000191
701.2999878;7.099999905
1439.099976;9.600000381
1120.699951;8.699999809
2053.800049;11.39999962
1872.099976;11
1750.900024;10.5
1335.599976;9.300000191
822.5;7.699999809
766;7.5
606.5;6.900000095
926.5999756;8.100000381
473.1000061;6.300000191
449.6000061;6.300000191
631.7999878;7.099999905
614;7.099999905
593.0999756;7.099999905
489.6000061;6.099999905
740.5999756;7.5
865.2000122;7.800000191
970.5;8
1013.799988;8.300000191
1201.300049;8.899999619
1597.099976;10.10000038
1934.199951;11.10000038
1408.599976;9.600000381
1172.599976;8.699999809
1321.800049;9.100000381
964.5;8
